Date,Hour,Revenue,Orders,Customers
2022-12-01,8,670.63,6,3
2022-12-01,9,1971.1200000000001,11,8
2022-12-01,10,1575.31,9,7
2022-12-01,11,3211.66,10,9
2022-12-01,12,3405.2400000000002,20,18
2022-12-01,13,3574.83,12,12
2022-12-01,14,1980.1200000000001,8,7
2022-12-01,15,2207.65,14,11
2022-12-01,16,1534.18,10,9
2022-12-01,17,348.59000000000003,4,4
2022-12-02,7,104.2,2,2
2022-12-02,8,798.03,6,3
2022-12-02,9,1255.91,8,5
2022-12-02,10,3133.67,13,9
2022-12-02,11,2846.27,9,8
2022-12-02,12,2689.1,16,13
2022-12-02,13,2109.58,12,11
2022-12-02,14,2466.13,11,7
2022-12-02,15,3470.73,16,11
2022-12-02,16,1434.15,9,9
2022-12-02,17,1090.18,6,6
2022-12-02,18,1668.24,9,8
2022-12-02,19,540.65,2,2
2022-12-03,9,386.42,3,3
2022-12-03,10,1504.95,6,6
2022-12-03,11,425.68,4,4
2022-12-03,12,2636.79,9,8
2022-12-03,13,1348.28,4,4
2022-12-03,14,2738.86,10,9
2022-12-03,15,1028.99,6,5
2022-12-03,16,698.35,4,3
2022-12-03,17,1264.91,3,2
2022-12-05,10,1310.08,7,7
2022-12-05,11,3621.3,14,12
2022-12-05,12,4637.6,19,15
2022-12-05,13,4410.99,15,15
2022-12-05,14,2390.03,8,7
2022-12-05,15,2846.66,15,14
2022-12-05,16,2112.98,4,4
2022-12-06,8,415.68,4,2
2022-12-06,9,628.0500000000001,3,3
2022-12-06,10,1631.9,11,10
2022-12-06,11,2445.2200000000003,12,12
2022-12-06,12,5099.96,19,18
2022-12-06,13,3350.58,14,13
2022-12-06,14,1847.68,10,8
2022-12-06,15,2277.75,11,11
2022-12-06,16,235.02,2,2
2022-12-06,17,658.92,2,2
2022-12-07,9,1151.38,6,6
2022-12-07,10,2075.1,8,8
2022-12-07,11,1319.98,6,6
2022-12-07,12,1396.69,8,8
2022-12-07,13,2875.32,13,12
2022-12-07,14,1712.28,7,7
2022-12-07,15,2199.36,11,10
2022-12-07,16,111.15,1,1
2022-12-07,17,38.1,1,1
2022-12-08,8,213.05,2,2
2022-12-08,9,1313.04,7,7
2022-12-08,10,3153.99,14,13
2022-12-08,11,1232.89,10,7
2022-12-08,12,3800.16,16,16
2022-12-08,13,3852.28,17,16
2022-12-08,14,2083.36,8,8
2022-12-08,15,3015.23,12,12
2022-12-08,16,2788.9,9,8
2022-12-08,17,167.09,1,1
2022-12-09,8,165.9,1,1
2022-12-09,9,907.25,6,6
2022-12-09,10,2744.23,12,10
2022-12-09,11,1075.21,5,5
2022-12-09,12,2879.81,11,11
2022-12-09,13,2248.97,13,12
2022-12-09,14,3776.41,15,15
2022-12-09,15,1586.68,9,7
2022-12-09,16,1533.1100000000001,7,7
2022-12-09,17,229.85,2,2
2022-12-09,18,316.4,2,2
2022-12-09,19,729.74,3,3
2022-12-09,20,300.64,1,1
2022-12-10,9,1537.81,5,4
2022-12-10,10,2352.06,12,10
2022-12-10,11,3719.8,15,12
2022-12-10,12,2178.5,11,8
2022-12-10,13,1928.56,9,8
2022-12-10,14,1364.32,5,5
2022-12-10,15,1625.2,5,5
2022-12-10,16,158.0,1,1
2022-12-10,17,259.0,2,2
2022-12-12,10,1191.25,4,4
2022-12-12,11,3056.23,11,11
2022-12-12,12,1853.54,13,12
2022-12-12,13,2156.12,6,6
2022-12-12,14,1125.04,4,4
2022-12-12,16,1326.33,3,3
2022-12-13,9,1198.01,6,6
2022-12-13,10,1777.04,9,8
2022-12-13,11,1075.02,7,7
2022-12-13,12,1698.28,4,4
2022-12-13,13,3025.87,7,7
2022-12-13,14,1768.23,7,7
2022-12-13,15,4144.66,15,13
2022-12-13,16,26.549999999999997,4,3
2022-12-13,17,368.18,2,2
2022-12-14,9,464.28000000000003,3,3
2022-12-14,10,1127.26,6,6
2022-12-14,11,3372.76,15,13
2022-12-14,12,4843.73,12,12
2022-12-14,13,3967.22,20,18
2022-12-14,14,1857.47,9,9
2022-12-14,15,1041.08,4,4
2022-12-14,16,917.15,4,4
2022-12-14,17,202.45,1,1
2022-12-15,9,1160.84,5,5
2022-12-15,10,2080.35,8,8
2022-12-15,11,2011.58,10,10
2022-12-15,12,1856.36,11,11
2022-12-15,13,1954.99,9,8
2022-12-15,14,1845.3600000000001,7,7
2022-12-15,15,3018.31,7,7
2022-12-15,16,1068.99,8,5
2022-12-15,17,227.22,1,1
2022-12-16,8,523.47,4,4
2022-12-16,9,1309.45,9,7
2022-12-16,10,1550.56,9,8
2022-12-16,11,1473.58,9,8
2022-12-16,12,2857.15,11,10
2022-12-16,13,4037.31,10,10
2022-12-16,14,2743.64,9,9
2022-12-16,15,1808.56,12,11
2022-12-16,16,1215.66,7,7
2022-12-16,17,2560.71,12,11
2022-12-16,18,784.85,5,5
2022-12-16,19,1428.84,6,6
2022-12-17,8,357.01,1,1
2022-12-17,9,797.2,5,5
2022-12-17,10,307.45,4,4
2022-12-17,11,1769.8,7,6
2022-12-17,12,974.62,7,7
2022-12-17,13,850.24,6,5
2022-12-17,14,1140.3,6,6
2022-12-17,15,1781.58,5,5
2022-12-17,16,476.57,2,2
2022-12-17,17,776.24,5,5
2022-12-17,18,33.0,1,1
2022-12-19,10,211.85000000000002,1,1
2022-12-19,11,670.83,3,3
2022-12-19,12,350.17,1,1
2022-12-19,13,722.22,2,2
2022-12-19,14,1662.81,7,6
2022-12-19,15,991.99,3,3
2022-12-20,9,941.13,2,2
2022-12-20,10,1224.07,5,5
2022-12-20,11,1037.13,4,4
2022-12-20,12,1131.95,6,5
2022-12-20,13,1767.68,8,6
2022-12-20,14,1343.59,6,6
2022-12-20,15,925.4100000000001,7,6
2022-12-20,16,853.59,4,3
2022-12-20,17,831.83,1,1
2022-12-21,9,988.5500000000001,3,3
2022-12-21,10,642.98,5,4
2022-12-21,12,101.5,1,1
2022-12-21,13,994.63,5,5
2022-12-21,14,1048.3700000000001,3,3
2022-12-21,15,429.84000000000003,3,3
2022-12-21,16,114.64,2,2
2022-12-21,17,424.17,1,1
2022-12-22,10,531.5,1,1
2022-12-22,11,493.58000000000004,2,2
2022-12-22,12,608.6,3,2
2022-12-22,13,785.32,4,4
2022-12-22,14,508.32,1,1
2022-12-22,16,90.4,1,1
2022-12-23,10,172.25,1,1
2022-12-23,11,1069.54,4,4
2022-12-23,12,1100.6,3,3
2022-12-23,14,791.54,4,4
2022-12-23,15,70.10000000000001,2,2
2022-12-23,16,353.69,1,1
2023-01-04,10,956.78,5,5
2023-01-04,11,1533.88,5,5
2023-01-04,12,1534.13,5,5
2023-01-04,13,1227.88,6,6
2023-01-04,14,1267.7,6,6
2023-01-04,15,1162.05,5,5
2023-01-04,16,682.92,1,1
2023-01-05,9,510.71999999999997,3,3
2023-01-05,10,1537.06,5,5
2023-01-05,11,1802.76,7,6
2023-01-05,12,2078.42,8,8
2023-01-05,13,1539.8,7,7
2023-01-05,14,608.31,1,1
2023-01-05,15,2222.2,5,5
2023-01-05,16,273.49,2,2
2023-01-05,17,238.55,1,1
2023-01-06,9,1309.99,3,3
2023-01-06,10,347.3,2,2
2023-01-06,11,1395.21,5,5
2023-01-06,12,1599.69,6,6
2023-01-06,13,724.09,3,3
2023-01-06,14,1867.06,5,5
2023-01-06,15,1251.22,6,6
2023-01-06,16,3939.9,4,4
2023-01-06,17,861.58,4,4
2023-01-06,18,535.77,3,3
2023-01-07,9,799.99,4,4
2023-01-07,10,2282.42,8,8
2023-01-07,11,292.35,3,3
2023-01-07,12,3208.36,8,8
2023-01-07,13,1566.17,4,4
2023-01-07,14,2904.75,6,6
2023-01-07,15,1331.31,4,4
2023-01-07,16,860.59,2,2
2023-01-07,17,277.54,1,1
2023-01-09,10,1380.41,5,5
2023-01-09,11,2571.35,11,11
2023-01-09,12,2169.3,9,9
2023-01-09,13,1154.01,4,4
2023-01-09,14,1862.05,9,9
2023-01-09,15,2025.92,7,7
2023-01-09,16,387.1,2,2
2023-01-10,9,2188.4,4,4
2023-01-10,10,796.14,3,3
2023-01-10,11,1435.02,5,5
2023-01-10,12,725.99,3,3
2023-01-10,13,1298.6599999999999,2,2
2023-01-10,14,2111.12,5,4
2023-01-10,15,1258.97,4,4
2023-01-10,16,261.18,2,2
2023-01-10,17,237.19,1,1
2023-01-11,8,1282.8,2,2
2023-01-11,9,1700.18,7,7
2023-01-11,10,942.3,7,7
2023-01-11,11,613.62,5,5
2023-01-11,12,3355.12,12,10
2023-01-11,13,375.96999999999997,5,5
2023-01-11,14,1340.17,4,4
2023-01-11,15,899.05,4,4
2023-01-11,16,71.5,1,1
2023-01-12,9,595.6,2,2
2023-01-12,10,1217.92,5,5
2023-01-12,11,1685.78,5,5
2023-01-12,12,938.21,7,7
2023-01-12,13,1683.7,7,7
2023-01-12,14,863.4,4,4
2023-01-12,15,1962.3300000000002,6,6
2023-01-12,16,1158.88,4,4
2023-01-13,9,1071.03,4,4
2023-01-13,10,1510.87,8,8
2023-01-13,11,1185.68,6,6
2023-01-13,12,1763.17,7,7
2023-01-13,13,428.02,2,2
2023-01-13,14,833.1800000000001,2,2
2023-01-13,15,2409.42,6,6
2023-01-14,8,127.80000000000001,1,1
2023-01-14,9,1616.26,4,4
2023-01-14,10,1689.13,7,7
2023-01-14,11,472.25,4,4
2023-01-14,12,1861.53,6,6
2023-01-14,13,2690.83,5,5
2023-01-14,14,841.88,5,5
2023-01-14,15,175.8,2,2
2023-01-14,16,45.0,1,1
2023-01-14,17,3.35,1,1
2023-01-16,10,541.5,2,2
2023-01-16,11,286.39,3,3
2023-01-16,12,292.54,2,1
2023-01-16,13,641.62,7,5
2023-01-16,14,477.61,1,1
2023-01-16,15,1039.86,4,4
2023-01-16,16,1401.9,4,4
2023-01-17,10,592.46,2,2
2023-01-17,11,4200.96,12,12
2023-01-17,12,1288.25,3,3
2023-01-17,13,1805.6,8,8
2023-01-17,14,1430.48,6,6
2023-01-17,15,960.42,6,6
2023-01-17,16,1835.22,5,5
2023-01-17,17,5.9,1,1
2023-01-18,8,138.35,1,1
2023-01-18,9,627.34,2,2
2023-01-18,10,512.88,5,5
2023-01-18,11,127.08,2,2
2023-01-18,12,726.69,4,4
2023-01-18,13,1206.06,5,5
2023-01-18,14,444.65,1,1
2023-01-18,15,395.83,3,3
2023-01-18,16,489.03,4,3
2023-01-19,8,63.0,1,1
2023-01-19,9,2361.05,4,4
2023-01-19,10,1229.28,3,3
2023-01-19,11,1723.29,5,5
2023-01-19,12,1008.84,5,5
2023-01-19,13,349.82,2,2
2023-01-19,14,1478.6000000000001,5,5
2023-01-19,15,569.65,2,2
2023-01-19,16,923.46,3,3
2023-01-19,17,502.31,2,2
2023-01-20,9,169.88,2,2
2023-01-20,10,1573.3,3,3
2023-01-20,11,387.09,2,2
2023-01-20,12,1699.45,7,7
2023-01-20,13,697.2,4,2
2023-01-20,14,1113.74,6,6
2023-01-20,15,2340.61,4,4
2023-01-20,16,42.2,1,1
2023-01-20,19,222.24,1,1
2023-01-21,9,722.71,3,3
2023-01-21,10,119.7,1,1
2023-01-21,11,2403.46,8,8
2023-01-21,12,802.62,2,2
2023-01-21,13,1836.98,8,8
2023-01-21,14,357.42,6,4
2023-01-21,15,949.15,3,3
2023-01-21,17,54.25,1,1
2023-01-23,10,976.35,4,4
2023-01-23,11,540.29,3,3
2023-01-23,12,1795.8,5,5
2023-01-23,13,1335.13,4,4
2023-01-23,14,858.12,4,4
2023-01-23,15,880.98,5,5
2023-01-23,16,311.25,2,2
2023-01-24,9,884.5500000000001,4,4
2023-01-24,10,1420.53,7,7
2023-01-24,11,1501.01,7,7
2023-01-24,12,850.16,5,5
2023-01-24,13,2558.94,6,6
2023-01-24,14,1122.3,6,6
2023-01-24,15,909.04,6,6
2023-01-24,16,483.86,1,1
2023-01-25,8,417.69,1,1
2023-01-25,9,689.3,3,3
2023-01-25,10,2320.59,6,5
2023-01-25,11,1914.88,9,9
2023-01-25,12,2693.0,11,11
2023-01-25,13,4704.62,12,11
2023-01-25,14,1583.3600000000001,7,7
2023-01-25,15,771.49,5,5
2023-01-25,16,171.48000000000002,2,2
2023-01-26,9,204.14999999999998,3,3
2023-01-26,10,1221.88,6,5
2023-01-26,11,1331.68,3,3
2023-01-26,12,2932.86,10,10
2023-01-26,13,2183.48,9,8
2023-01-26,14,1783.4,7,7
2023-01-26,15,574.23,3,3
2023-01-26,16,109.15,1,1
2023-01-26,17,590.79,4,4
2023-01-27,8,490.88,1,1
2023-01-27,9,1192.3799999999999,2,2
2023-01-27,10,2809.8,6,6
2023-01-27,11,1813.59,3,3
2023-01-27,12,1930.55,7,7
2023-01-27,13,2099.15,8,8
2023-01-27,14,1406.17,7,7
2023-01-27,15,2637.9,5,5
2023-01-27,16,1151.85,7,7
2023-01-27,17,101.05,1,1
2023-01-27,18,247.54,1,1
2023-01-27,19,181.35,1,1
2023-01-28,9,430.85,2,2
2023-01-28,10,1488.86,6,6
2023-01-28,11,888.12,2,2
2023-01-28,12,2377.6,7,7
2023-01-28,13,1479.73,6,6
2023-01-28,14,1348.28,5,5
2023-01-28,15,927.0400000000001,5,5
2023-01-28,16,71.35,1,1
2023-01-30,10,709.38,4,4
2023-01-30,11,626.28,3,3
2023-01-30,12,638.34,3,3
2023-01-30,13,785.85,3,3
2023-01-30,14,1803.57,6,6
2023-01-30,15,1703.53,5,5
2023-01-31,8,295.95,1,1
2023-01-31,9,1963.97,6,5
2023-01-31,10,674.6899999999999,3,3
2023-01-31,11,1308.41,5,5
2023-01-31,12,1606.47,8,8
2023-01-31,13,2104.54,7,7
2023-01-31,14,1130.86,7,7
2023-01-31,15,1352.04,10,9
2023-01-31,16,378.7,5,3
2023-02-01,8,1050.67,2,2
2023-02-01,9,872.47,3,3
2023-02-01,10,2423.07,7,7
2023-02-01,11,2490.11,11,10
2023-02-01,12,1195.64,7,7
2023-02-01,13,3111.01,9,9
2023-02-01,14,1325.15,7,7
2023-02-01,15,553.03,3,3
2023-02-01,16,308.2,2,2
2023-02-02,9,811.13,3,3
2023-02-02,10,2120.73,6,6
2023-02-02,11,570.99,5,5
2023-02-02,12,1833.18,10,10
2023-02-02,13,1217.93,6,6
2023-02-02,14,1725.74,9,9
2023-02-02,15,834.96,7,7
2023-02-02,16,444.85,2,2
2023-02-02,17,1077.92,3,3
2023-02-03,8,250.55,1,1
2023-02-03,9,380.11,4,4
2023-02-03,10,1011.61,4,4
2023-02-03,11,787.89,4,4
2023-02-03,12,1403.47,5,5
2023-02-03,13,2662.16,8,8
2023-02-03,14,1237.8600000000001,7,7
2023-02-03,15,697.2,6,5
2023-02-03,17,475.37,1,1
2023-02-03,18,340.56,1,1
2023-02-03,19,304.0,2,2
2023-02-04,8,655.55,1,1
2023-02-04,9,956.87,4,4
2023-02-04,10,758.5,4,3
2023-02-04,11,2060.32,7,7
2023-02-04,12,1414.45,4,4
2023-02-04,13,676.97,4,3
2023-02-04,14,1809.08,8,8
2023-02-04,15,361.94,3,3
2023-02-04,16,197.03,1,1
2023-02-06,11,527.43,2,2
2023-02-06,12,287.9,2,2
2023-02-06,13,30.299999999999997,1,1
2023-02-06,14,1232.42,4,4
2023-02-06,15,94.27,1,1
2023-02-06,16,108.07,1,1
2023-02-07,9,807.65,4,4
2023-02-07,10,362.17,3,3
2023-02-07,11,2738.31,5,5
2023-02-07,12,934.85,4,4
2023-02-07,13,1563.86,7,7
2023-02-07,14,2489.32,5,5
2023-02-07,15,846.87,6,4
2023-02-07,16,307.23,1,1
2023-02-08,9,178.12,2,2
2023-02-08,10,894.2,7,6
2023-02-08,11,880.48,3,3
2023-02-08,12,1401.0,6,6
2023-02-08,13,579.13,3,3
2023-02-08,14,1930.72,5,5
2023-02-08,15,874.82,4,4
2023-02-08,16,103.1,1,1
2023-02-08,17,77.55,1,1
2023-02-09,9,78.62,1,1
2023-02-09,10,1684.74,6,5
2023-02-09,11,538.54,3,3
2023-02-09,12,267.4,3,3
2023-02-09,13,1288.76,4,4
2023-02-09,14,789.47,3,3
2023-02-09,15,374.19,2,2
2023-02-09,16,119.15,1,1
2023-02-10,9,443.89,2,2
2023-02-10,10,1860.32,4,4
2023-02-10,11,928.88,6,6
2023-02-10,12,984.1999999999999,4,4
2023-02-10,13,1021.65,5,5
2023-02-10,14,942.92,4,4
2023-02-10,15,595.28,2,2
2023-02-10,16,679.54,3,3
2023-02-10,17,330.61,3,3
2023-02-10,19,223.6,2,2
2023-02-11,8,259.05,1,1
2023-02-11,10,1578.84,6,6
2023-02-11,11,427.15,4,4
2023-02-11,12,1874.32,6,6
2023-02-11,13,652.8100000000001,4,4
2023-02-11,14,354.95,1,1
2023-02-11,15,653.35,3,3
2023-02-11,16,252.29,1,1
2023-02-11,17,2.42,1,1
2023-02-13,10,176.65,1,1
2023-02-13,11,742.28,4,4
2023-02-13,12,1547.53,5,5
2023-02-13,13,484.31,3,3
2023-02-13,14,392.86,2,2
2023-02-13,15,813.74,4,4
2023-02-13,16,390.28,1,1
2023-02-14,9,2699.06,5,5
2023-02-14,10,807.36,3,3
2023-02-14,11,64.7,2,2
2023-02-14,12,1620.72,5,5
2023-02-14,13,503.63,3,3
2023-02-14,14,846.41,6,6
2023-02-14,15,1570.79,5,5
2023-02-15,8,511.06,2,1
2023-02-15,9,1291.18,7,6
2023-02-15,10,944.54,4,4
2023-02-15,11,1945.91,8,7
2023-02-15,12,1483.09,6,6
2023-02-15,13,930.4300000000001,7,7
2023-02-15,14,2369.47,6,5
2023-02-15,15,469.69,4,4
2023-02-15,16,89.2,1,1
2023-02-15,17,344.69,1,1
2023-02-16,8,385.7,2,2
2023-02-16,9,1669.56,6,6
2023-02-16,10,2485.54,10,10
2023-02-16,11,1786.74,8,8
2023-02-16,12,2885.39,8,7
2023-02-16,13,1114.33,5,5
2023-02-16,14,2204.7400000000002,6,6
2023-02-16,15,260.9,1,1
2023-02-16,16,1089.82,5,3
2023-02-17,8,845.34,3,3
2023-02-17,9,219.9,3,2
2023-02-17,10,1045.77,4,4
2023-02-17,11,926.95,4,4
2023-02-17,12,6035.33,15,12
2023-02-17,13,927.9,5,5
2023-02-17,14,1905.89,9,8
2023-02-17,15,193.78,2,2
2023-02-17,16,301.1,3,3
2023-02-17,17,288.0,2,2
2023-02-17,19,246.82999999999998,2,2
2023-02-18,8,713.12,2,2
2023-02-18,9,908.62,3,3
2023-02-18,10,1445.3799999999999,5,5
2023-02-18,11,1516.18,6,6
2023-02-18,12,962.95,6,6
2023-02-18,13,1231.5,5,4
2023-02-18,14,491.31,2,2
2023-02-18,15,257.96000000000004,4,4
2023-02-20,10,743.0,4,4
2023-02-20,11,153.67000000000002,2,2
2023-02-20,12,1648.94,4,4
2023-02-20,13,1895.88,6,6
2023-02-20,14,2413.48,5,5
2023-02-20,15,574.08,3,3
2023-02-21,8,585.82,2,2
2023-02-21,9,817.25,4,4
2023-02-21,10,520.75,5,4
2023-02-21,11,1721.3200000000002,3,3
2023-02-21,12,1875.02,4,4
2023-02-21,13,1938.65,4,4
2023-02-21,14,241.44,2,2
2023-02-21,15,1681.6200000000001,3,3
2023-02-21,17,473.93,2,2
2023-02-22,9,588.03,2,2
2023-02-22,10,644.57,4,3
2023-02-22,11,2141.18,8,8
2023-02-22,12,759.87,6,6
2023-02-22,13,4009.64,6,6
2023-02-22,14,1105.14,3,3
2023-02-22,15,2142.89,7,7
2023-02-22,16,855.98,4,3
2023-02-22,17,887.21,3,3
2023-02-23,8,312.55,1,1
2023-02-23,9,2281.88,6,6
2023-02-23,10,1790.7,7,7
2023-02-23,11,255.93,2,2
2023-02-23,12,2940.64,9,9
2023-02-23,13,2236.02,7,6
2023-02-23,14,428.2,3,3
2023-02-23,15,731.6,4,4
2023-02-23,16,801.66,5,4
2023-02-23,17,69.59,1,1
2023-02-24,9,2889.23,6,6
2023-02-24,10,1839.57,6,6
2023-02-24,11,1628.59,6,6
2023-02-24,12,2083.44,8,8
2023-02-24,13,832.48,3,3
2023-02-24,14,2044.57,5,5
2023-02-24,15,1027.24,7,7
2023-02-24,16,1652.69,5,4
2023-02-24,17,390.52000000000004,3,3
2023-02-24,18,1014.23,2,2
2023-02-25,8,614.22,2,2
2023-02-25,9,838.53,2,2
2023-02-25,10,3059.68,8,8
2023-02-25,11,2014.42,5,5
2023-02-25,12,1226.19,4,4
2023-02-25,13,1887.6100000000001,9,8
2023-02-25,14,1666.69,5,4
2023-02-25,15,695.02,4,4
2023-02-25,16,80.35,1,1
2023-02-25,17,599.41,2,2
2023-02-27,10,876.9300000000001,4,4
2023-02-27,11,1832.89,8,8
2023-02-27,12,1463.77,6,5
2023-02-27,13,912.25,4,3
2023-02-27,14,1069.74,6,6
2023-02-27,15,561.29,3,3
2023-02-28,8,282.56,1,1
2023-02-28,9,1254.3500000000001,4,4
2023-02-28,10,1889.74,7,7
2023-02-28,11,1334.71,5,4
2023-02-28,12,1903.29,7,7
2023-02-28,13,2128.2,11,10
2023-02-28,14,1004.89,6,6
2023-02-28,15,1671.43,6,6
2023-02-28,16,289.38,2,2
2023-02-28,17,175.05,1,1
2023-03-01,8,863.35,4,4
2023-03-01,9,3515.04,5,4
2023-03-01,10,1918.08,6,6
2023-03-01,11,1167.04,5,5
2023-03-01,12,2875.96,9,9
2023-03-01,13,803.89,7,6
2023-03-01,14,1512.73,7,7
2023-03-01,15,604.1,5,5
2023-03-01,16,272.05,1,1
2023-03-01,17,572.69,2,2
2023-03-02,8,1363.04,2,2
2023-03-02,9,1198.51,5,5
2023-03-02,10,58.65,1,1
2023-03-02,11,1546.9,4,4
2023-03-02,12,2153.38,5,5
2023-03-02,13,1326.96,3,3
2023-03-02,14,1566.41,8,7
2023-03-02,15,183.0,1,1
2023-03-02,16,1995.42,4,4
2023-03-02,17,432.5,2,2
2023-03-03,8,975.58,3,3
2023-03-03,9,526.77,3,3
2023-03-03,10,1292.5800000000002,5,5
2023-03-03,11,336.8,3,3
2023-03-03,12,2058.1,10,9
2023-03-03,13,1911.91,2,2
2023-03-03,14,1713.19,6,6
2023-03-03,15,932.23,6,6
2023-03-03,16,751.75,3,3
2023-03-03,18,313.93,3,3
2023-03-03,19,239.19,2,2
2023-03-04,8,721.27,2,2
2023-03-04,9,853.89,3,3
2023-03-04,10,2039.76,9,6
2023-03-04,11,299.26,3,2
2023-03-04,12,1473.43,9,9
2023-03-04,13,1062.72,7,7
2023-03-04,14,2694.75,7,6
2023-03-04,15,484.63,2,2
2023-03-04,17,103.91,1,1
2023-03-06,10,343.61,4,4
2023-03-06,11,1576.92,6,6
2023-03-06,12,2192.49,6,6
2023-03-06,14,1652.26,7,6
2023-03-06,15,768.36,2,2
2023-03-07,8,95.65,1,1
2023-03-07,9,1244.74,7,7
2023-03-07,10,2006.8,3,3
2023-03-07,11,463.97,5,4
2023-03-07,12,2130.54,9,8
2023-03-07,13,2563.52,11,11
2023-03-07,14,1127.22,7,6
2023-03-07,15,227.35000000000002,2,2
2023-03-07,16,92.80000000000001,1,1
2023-03-07,17,1416.07,5,4
2023-03-08,8,323.65,2,2
2023-03-08,9,2213.23,4,4
2023-03-08,10,507.44,3,3
2023-03-08,11,1578.57,5,5
2023-03-08,12,3021.77,9,9
2023-03-08,13,1375.14,5,5
2023-03-08,14,2719.81,4,3
2023-03-08,15,1425.75,5,5
2023-03-08,16,735.9300000000001,3,2
2023-03-08,17,327.85,2,1
2023-03-09,8,1184.74,4,4
2023-03-09,9,753.49,6,4
2023-03-09,10,416.1,3,3
2023-03-09,11,4094.92,10,10
2023-03-09,12,1658.9,10,10
2023-03-09,13,1942.38,4,4
2023-03-09,14,1182.63,7,6
2023-03-09,15,986.98,3,3
2023-03-10,8,701.79,3,3
2023-03-10,9,674.13,3,3
2023-03-10,10,1872.68,8,7
2023-03-10,11,253.14999999999998,2,2
2023-03-10,12,2622.36,8,8
2023-03-10,13,1778.24,6,6
2023-03-10,14,2011.99,6,6
2023-03-10,15,572.27,6,5
2023-03-10,16,242.63,2,2
2023-03-10,19,166.5,1,1
2023-03-11,8,471.68,2,2
2023-03-11,9,989.1,4,4
2023-03-11,10,198.9,2,2
2023-03-11,11,1416.43,4,4
2023-03-11,12,1888.01,9,8
2023-03-11,13,1632.6100000000001,5,5
2023-03-11,14,1470.88,8,8
2023-03-11,15,550.0,3,3
2023-03-11,16,136.99,3,3
2023-03-13,10,1014.54,4,4
2023-03-13,11,876.77,4,4
2023-03-13,12,340.19,2,2
2023-03-13,13,560.47,2,2
2023-03-13,14,447.18,2,2
2023-03-13,15,513.37,2,2
2023-03-14,8,978.6,4,4
2023-03-14,9,891.76,4,4
2023-03-14,10,1057.26,5,4
2023-03-14,11,1678.0,5,5
2023-03-14,12,2179.6,9,7
2023-03-14,13,1236.21,6,6
2023-03-14,14,710.24,2,2
2023-03-14,15,1612.65,6,6
2023-03-14,16,264.76,2,1
2023-03-15,8,429.73,2,2
2023-03-15,9,825.13,3,3
2023-03-15,10,1832.49,4,4
2023-03-15,11,1152.99,4,4
2023-03-15,12,1448.87,7,7
2023-03-15,13,1153.77,4,4
2023-03-15,14,1251.2,5,5
2023-03-15,15,1565.37,5,4
2023-03-15,16,759.27,3,3
2023-03-16,8,654.5,2,2
2023-03-16,9,1631.29,5,5
2023-03-16,10,227.4,2,2
2023-03-16,11,1379.39,6,6
2023-03-16,12,1687.74,7,6
2023-03-16,13,1171.56,4,4
2023-03-16,14,1776.34,8,7
2023-03-16,15,948.68,4,4
2023-03-16,16,703.53,2,2
2023-03-17,7,78.0,1,1
2023-03-17,9,1629.32,5,5
2023-03-17,10,974.54,4,4
2023-03-17,12,1140.68,8,7
2023-03-17,13,1604.3700000000001,5,5
2023-03-17,14,561.77,3,3
2023-03-17,15,1259.2,4,4
2023-03-17,16,1624.55,6,6
2023-03-17,17,401.31,1,1
2023-03-17,18,1016.27,7,5
2023-03-17,19,561.03,3,3
2023-03-17,20,722.48,2,1
2023-03-18,8,587.13,3,2
2023-03-18,9,1570.77,6,5
2023-03-18,10,651.1,6,6
2023-03-18,11,1203.68,4,4
2023-03-18,12,3594.72,10,9
2023-03-18,13,1120.25,7,7
2023-03-18,14,1728.28,7,7
2023-03-18,15,461.12,4,4
2023-03-18,17,344.90000000000003,1,1
2023-03-20,10,1664.38,10,10
2023-03-20,11,850.57,4,4
2023-03-20,12,1746.45,10,10
2023-03-20,13,5005.36,11,10
2023-03-20,14,1309.91,7,7
2023-03-20,15,1375.98,8,8
2023-03-20,16,508.3,2,2
2023-03-21,8,1098.83,3,3
2023-03-21,9,790.75,3,3
2023-03-21,10,2233.68,5,5
2023-03-21,11,1877.1,8,8
2023-03-21,12,1165.65,8,7
2023-03-21,13,607.48,5,5
2023-03-21,14,1771.8,4,4
2023-03-21,15,1029.18,6,6
2023-03-21,16,441.24,3,3
2023-03-21,17,78.16,1,1
2023-03-22,8,241.16,2,2
2023-03-22,9,706.51,2,2
2023-03-22,10,942.73,2,2
2023-03-22,11,1466.73,5,5
2023-03-22,12,3859.41,9,9
2023-03-22,13,1091.66,6,6
2023-03-22,14,936.58,3,3
2023-03-22,15,1708.82,6,5
2023-03-22,16,1134.99,3,3
2023-03-22,17,198.02,1,1
2023-03-23,8,208.09,3,3
2023-03-23,9,1018.08,3,3
2023-03-23,10,1738.07,8,8
2023-03-23,11,1067.06,5,5
2023-03-23,12,2064.1,9,9
2023-03-23,13,2313.93,7,6
2023-03-23,14,1235.69,5,5
2023-03-23,15,1523.7,8,7
2023-03-23,16,459.27,3,3
2023-03-23,17,147.0,1,1
2023-03-24,8,627.12,3,3
2023-03-24,9,2410.02,8,8
2023-03-24,10,1434.99,6,6
2023-03-24,11,1498.07,7,6
2023-03-24,12,2401.59,9,9
2023-03-24,13,4004.17,14,14
2023-03-24,14,1670.06,7,6
2023-03-24,15,488.12,3,3
2023-03-24,16,502.32,2,2
2023-03-24,17,513.06,1,1
2023-03-24,18,448.02,2,2
2023-03-24,19,380.98,1,1
2023-03-25,8,762.44,5,4
2023-03-25,10,1582.17,6,6
2023-03-25,11,1585.7,6,6
2023-03-25,12,3131.54,10,10
2023-03-25,13,771.4,4,4
2023-03-25,14,1551.39,8,6
2023-03-25,15,799.43,4,4
2023-03-25,16,46.5,1,1
2023-03-25,17,161.89,1,1
2023-03-27,10,894.48,5,5
2023-03-27,11,780.86,5,5
2023-03-27,12,1185.75,4,4
2023-03-27,13,1027.15,4,4
2023-03-27,14,628.45,3,3
2023-03-27,15,925.32,5,5
2023-03-27,16,536.86,4,4
2023-03-28,7,489.0,1,1
2023-03-28,8,307.76,1,1
2023-03-28,9,1971.7,5,5
2023-03-28,10,1725.9099999999999,6,5
2023-03-28,11,1513.93,6,6
2023-03-28,12,2682.09,10,10
2023-03-28,13,1964.66,6,5
2023-03-28,14,1718.59,11,9
2023-03-28,15,1037.42,5,5
2023-03-28,16,375.26,3,2
2023-03-29,8,582.75,2,2
2023-03-29,9,738.1,3,2
2023-03-29,10,1323.59,4,4
2023-03-29,11,1173.08,6,5
2023-03-29,12,1224.24,5,5
2023-03-29,13,3082.04,11,10
2023-03-29,14,1288.8,5,5
2023-03-29,15,988.47,7,7
2023-03-29,16,751.45,3,3
2023-03-29,17,392.16,2,2
2023-03-30,9,1961.16,5,5
2023-03-30,10,1007.85,6,6
2023-03-30,11,1917.68,7,7
2023-03-30,12,2451.29,11,11
2023-03-30,13,2059.26,11,10
2023-03-30,14,965.0500000000001,5,5
2023-03-30,15,2087.76,8,7
2023-03-30,16,705.0,4,4
2023-03-30,17,572.8000000000001,1,1
2023-03-31,9,2399.64,5,5
2023-03-31,10,1052.5,5,5
2023-03-31,11,1877.38,9,9
2023-03-31,12,1045.9,6,6
2023-03-31,13,2669.6,11,11
2023-03-31,14,35.67,2,2
2023-03-31,15,662.36,4,4
2023-03-31,16,1463.68,3,3
2023-03-31,17,1224.32,4,4
2023-03-31,18,449.65,2,2
2023-03-31,19,345.05,5,5
2023-04-01,8,609.59,2,2
2023-04-01,9,1089.33,5,5
2023-04-01,10,1926.05,9,9
2023-04-01,11,2622.77,11,10
2023-04-01,12,1138.9,5,5
2023-04-01,13,2666.75,7,7
2023-04-01,14,2737.09,7,6
2023-04-01,15,249.53,2,2
2023-04-01,16,445.16,3,3
2023-04-03,10,358.55,3,3
2023-04-03,11,733.8199999999999,6,6
2023-04-03,12,1053.0,3,3
2023-04-03,13,282.6,1,1
2023-04-03,14,838.14,2,2
2023-04-03,15,1324.23,3,3
2023-04-04,9,1102.07,2,2
2023-04-04,10,1708.42,5,5
2023-04-04,11,1355.48,3,3
2023-04-04,12,4370.5,16,16
2023-04-04,13,1364.74,7,6
2023-04-04,14,1690.88,8,7
2023-04-04,15,838.91,3,3
2023-04-04,16,487.56,4,4
2023-04-05,8,569.52,1,1
2023-04-05,9,203.94000000000003,2,2
2023-04-05,10,3013.63,9,9
2023-04-05,11,1128.32,4,4
2023-04-05,12,2179.05,4,4
2023-04-05,13,1457.87,5,5
2023-04-05,14,611.02,2,2
2023-04-05,15,1102.2,5,5
2023-04-05,16,244.19,2,2
2023-04-06,9,345.35,1,1
2023-04-06,10,1548.83,9,9
2023-04-06,11,592.54,4,4
2023-04-06,12,1299.79,6,5
2023-04-06,13,1524.53,4,4
2023-04-06,14,1374.93,7,7
2023-04-06,15,1310.4,4,4
2023-04-06,16,311.6,1,1
2023-04-06,17,72.9,1,1
2023-04-07,9,884.61,3,3
2023-04-07,10,2057.35,8,8
2023-04-07,11,2444.44,11,11
2023-04-07,12,3287.2,17,16
2023-04-07,13,2246.78,12,11
2023-04-07,18,306.8,3,3
2023-04-07,19,668.6,4,4
2023-04-08,7,501.44,2,2
2023-04-08,8,3070.6,9,9
2023-04-08,9,2629.57,9,9
2023-04-08,10,2061.82,8,8
2023-04-08,11,1947.74,8,8
2023-04-08,12,2361.67,13,12
2023-04-08,13,314.07,1,1
2023-04-08,14,1046.83,5,5
2023-04-08,15,1211.96,4,4
2023-04-08,17,32.32,1,1
2023-04-10,10,30.0,1,1
2023-04-10,11,2108.71,8,8
2023-04-10,12,816.58,5,5
2023-04-10,13,1051.1,5,4
2023-04-10,14,336.72,3,3
2023-04-10,15,2855.81,6,6
2023-04-10,16,682.32,3,3
2023-04-11,8,2911.43,3,3
2023-04-11,9,1077.84,4,4
2023-04-11,10,1257.7,5,5
2023-04-11,11,1361.22,6,6
2023-04-11,12,1006.46,6,5
2023-04-11,13,2128.85,10,10
2023-04-11,14,1159.5,6,6
2023-04-11,15,841.79,5,5
2023-04-11,16,1362.34,5,5
2023-04-11,17,532.0,1,1
2023-04-12,8,254.6,1,1
2023-04-12,9,831.26,4,3
2023-04-12,10,1970.6000000000001,9,9
2023-04-12,11,1135.81,6,6
2023-04-12,12,2033.08,7,6
2023-04-12,13,2407.67,11,10
2023-04-12,14,1225.19,4,4
2023-04-12,15,1140.69,6,6
2023-04-12,16,1348.19,7,6
2023-04-12,17,112.75,1,1
2023-04-13,8,305.1,1,1
2023-04-13,9,1585.44,7,7
2023-04-13,10,576.17,4,4
2023-04-13,11,1068.52,6,6
2023-04-13,12,1315.61,6,6
2023-04-13,13,2225.99,7,7
2023-04-13,14,2313.15,12,10
2023-04-13,15,2466.19,8,7
2023-04-13,16,780.9,2,2
2023-04-13,17,147.3,1,1
2023-04-14,8,877.84,7,6
2023-04-14,9,1446.29,6,6
2023-04-14,10,2051.9900000000002,4,4
2023-04-14,11,2110.48,7,6
2023-04-14,12,2352.2000000000003,10,9
2023-04-14,13,2537.7200000000003,7,7
2023-04-14,14,1883.63,8,7
2023-04-14,15,857.34,6,6
2023-04-14,16,1478.58,6,6
2023-04-14,17,2001.65,5,5
2023-04-14,18,1084.36,5,5
2023-04-14,19,568.61,3,3
2023-04-15,8,186.2,1,1
2023-04-15,9,1973.811,2,2
2023-04-15,10,1577.37,7,6
2023-04-15,11,908.76,6,6
2023-04-15,12,1315.31,6,6
2023-04-15,13,1301.94,4,4
2023-04-15,14,1682.89,8,8
2023-04-15,15,674.45,4,4
2023-04-15,16,238.42000000000002,2,2
2023-04-17,10,1574.14,6,6
2023-04-17,11,2433.4900000000002,8,8
2023-04-17,12,1605.13,6,5
2023-04-17,13,2288.36,9,9
2023-04-17,14,1150.77,4,4
2023-04-17,15,1276.83,7,6
2023-04-18,9,926.82,3,3
2023-04-18,10,1884.28,6,5
2023-04-18,11,1190.88,6,5
2023-04-18,12,2484.12,10,10
2023-04-18,13,2020.09,9,9
2023-04-18,14,3097.51,13,12
2023-04-18,15,888.2,4,4
2023-04-18,16,871.04,3,3
2023-04-18,17,217.07,1,1
2023-04-19,8,882.12,2,2
2023-04-19,9,1197.38,3,3
2023-04-19,10,2493.48,7,7
2023-04-19,11,878.77,5,5
2023-04-19,12,1421.14,6,6
2023-04-19,13,2373.27,8,8
2023-04-19,14,2930.21,9,9
2023-04-19,15,824.51,4,4
2023-04-19,16,968.26,5,5
2023-04-19,17,48.050000000000004,1,1
2023-04-20,8,447.54,2,2
2023-04-20,9,1970.74,6,5
2023-04-20,10,605.63,4,4
2023-04-20,11,1619.58,5,4
2023-04-20,12,1287.55,8,8
2023-04-20,13,3748.05,12,11
2023-04-20,14,837.88,5,5
2023-04-20,15,1524.96,5,5
2023-04-20,16,119.1,1,1
2023-04-20,17,654.38,3,3
2023-04-21,8,415.08,2,2
2023-04-21,9,345.75,2,2
2023-04-21,10,3015.5,12,11
2023-04-21,11,655.86,3,3
2023-04-21,12,2718.62,5,5
2023-04-21,13,2067.48,6,6
2023-04-21,14,1337.92,7,6
2023-04-21,15,1565.21,7,6
2023-04-21,16,2157.5,10,10
2023-04-21,17,945.41,5,4
2023-04-21,18,618.69,3,3
2023-04-21,19,1084.52,3,3
2023-04-26,8,276.91999999999996,2,2
2023-04-26,9,1525.6,7,7
2023-04-26,10,256.05,2,2
2023-04-26,11,4113.45,9,9
2023-04-26,12,1581.1,7,7
2023-04-26,13,1787.73,9,7
2023-04-26,14,1117.49,6,5
2023-04-26,15,2032.3500000000001,7,7
2023-04-26,16,653.76,3,3
2023-04-27,8,231.78,2,2
2023-04-27,9,66.0,1,1
2023-04-27,10,512.32,4,4
2023-04-27,11,1397.53,10,10
2023-04-27,12,3268.57,10,10
2023-04-27,13,1910.16,7,6
2023-04-27,14,3957.29,13,10
2023-04-27,15,215.36,1,1
2023-04-27,16,306.22,3,3
2023-04-27,17,5.11,1,1
2023-04-28,7,28.05,1,1
2023-04-28,8,467.5,2,2
2023-04-28,9,838.6899999999999,4,4
2023-04-28,10,3088.0,5,5
2023-04-28,11,643.8000000000001,4,4
2023-04-28,12,1237.37,7,7
2023-04-28,13,3648.59,11,8
2023-04-28,14,1325.43,6,6
2023-04-28,15,954.67,6,6
2023-04-28,16,824.58,6,6
2023-04-28,18,340.72,1,1
2023-04-28,19,18.0,1,1
2023-05-01,10,59.879999999999995,1,1
2023-05-01,11,1668.31,5,5
2023-05-01,12,1121.24,4,4
2023-05-01,13,1097.32,3,3
2023-05-01,14,732.68,3,3
2023-05-01,15,64.95,1,1
2023-05-03,8,408.88,1,1
2023-05-03,9,1873.54,8,6
2023-05-03,10,1495.0900000000001,9,8
2023-05-03,11,1623.19,8,8
2023-05-03,12,3762.39,15,13
2023-05-03,13,1216.15,5,5
2023-05-03,14,177.0,1,1
2023-05-03,15,1044.25,4,4
2023-05-03,16,230.4,2,2
2023-05-03,17,209.99,1,1
2023-05-04,8,842.75,3,2
2023-05-04,9,528.28,2,2
2023-05-04,10,871.15,3,3
2023-05-04,11,4243.6,15,13
2023-05-04,12,1635.77,7,5
2023-05-04,13,1338.98,9,9
2023-05-04,14,1588.51,7,7
2023-05-04,15,1587.91,6,6
2023-05-04,16,897.01,4,4
2023-05-04,17,206.6,1,1
2023-05-05,7,17.700000000000003,1,1
2023-05-05,8,331.1,2,2
2023-05-05,9,2069.71,11,11
2023-05-05,10,638.86,7,6
2023-05-05,11,1077.96,5,5
2023-05-05,12,2069.76,9,7
2023-05-05,13,1718.23,7,7
2023-05-05,14,1420.71,5,5
2023-05-05,15,1435.95,8,7
2023-05-05,16,919.17,3,3
2023-05-05,17,2699.98,5,5
2023-05-05,18,762.1800000000001,5,4
2023-05-05,19,361.75,2,2
2023-05-06,8,3068.83,3,3
2023-05-06,9,1847.76,4,4
2023-05-06,10,2697.34,9,9
2023-05-06,11,1535.33,9,8
2023-05-06,12,1673.66,6,6
2023-05-06,13,1947.22,9,8
2023-05-06,14,1542.54,10,10
2023-05-06,15,963.76,4,4
2023-05-06,16,684.87,4,4
2023-05-06,17,102.9,1,1
2023-05-06,19,313.56,9,1
2023-05-06,20,22.14,1,1
2023-05-08,10,822.27,5,5
2023-05-08,11,3767.04,13,13
2023-05-08,12,3083.79,14,14
2023-05-08,13,990.11,5,5
2023-05-08,14,1955.96,10,8
2023-05-08,15,1946.25,10,8
2023-05-08,16,2325.12,5,5
2023-05-09,8,306.85,2,2
2023-05-09,9,1295.3600000000001,5,4
2023-05-09,10,2077.4,7,7
2023-05-09,11,843.96,2,2
2023-05-09,12,3275.39,12,12
2023-05-09,13,1622.0900000000001,8,7
2023-05-09,14,2359.75,7,7
2023-05-09,15,2208.61,8,8
2023-05-09,16,463.62,4,4
2023-05-09,17,38.3,1,1
2023-05-10,8,344.86,1,1
2023-05-10,9,882.99,3,3
2023-05-10,10,2353.4,10,9
2023-05-10,11,2596.69,8,7
2023-05-10,12,2564.06,11,10
2023-05-10,13,1662.98,11,10
2023-05-10,14,1237.22,7,7
2023-05-10,15,2888.69,11,10
2023-05-10,16,466.94,2,2
2023-05-11,7,657.96,1,1
2023-05-11,8,598.37,2,2
2023-05-11,9,816.85,5,4
2023-05-11,10,2858.97,11,7
2023-05-11,11,529.28,3,3
2023-05-11,12,4139.41,15,13
2023-05-11,13,3295.04,8,8
2023-05-11,14,2631.85,14,9
2023-05-11,15,1101.0,4,3
2023-05-11,16,252.85,3,3
2023-05-11,17,785.67,1,1
2023-05-12,8,1047.88,5,3
2023-05-12,9,2343.3,8,6
2023-05-12,10,1498.12,10,10
2023-05-12,11,1134.51,5,5
2023-05-12,12,3350.65,15,15
2023-05-12,13,2489.3,11,9
2023-05-12,14,354.46999999999997,2,2
2023-05-12,15,852.46,6,4
2023-05-12,16,1989.64,6,6
2023-05-12,17,248.21,1,1
2023-05-12,18,889.06,4,3
2023-05-12,19,781.39,2,2
2023-05-12,20,921.49,2,2
2023-05-13,8,610.9,5,4
2023-05-13,9,973.18,4,3
2023-05-13,10,2832.13,12,9
2023-05-13,11,2638.48,7,5
2023-05-13,12,1772.77,6,5
2023-05-13,13,1110.25,6,6
2023-05-13,14,1368.35,6,3
2023-05-13,15,1375.82,4,2
2023-05-13,16,511.78000000000003,5,4
2023-05-13,17,316.34999999999997,2,2
2023-05-15,11,718.52,6,6
2023-05-15,12,2101.02,7,7
2023-05-15,13,1485.68,7,7
2023-05-15,14,357.13,3,3
2023-05-15,15,608.74,3,2
2023-05-15,16,645.22,3,3
2023-05-16,8,377.86,2,2
2023-05-16,9,2955.62,12,9
2023-05-16,10,1542.89,7,6
2023-05-16,11,394.74,2,2
2023-05-16,12,2553.36,12,8
2023-05-16,13,1088.24,4,4
2023-05-16,14,3120.87,7,7
2023-05-16,15,1107.18,5,5
2023-05-16,16,1239.1,4,4
2023-05-16,17,99.84,1,1
2023-05-17,8,919.57,3,2
2023-05-17,9,982.14,4,4
2023-05-17,10,3025.32,11,11
2023-05-17,11,1626.64,5,5
2023-05-17,12,1877.95,13,9
2023-05-17,13,1580.94,6,4
2023-05-17,14,1889.86,7,6
2023-05-17,15,1846.5,5,5
2023-05-17,16,1024.0,3,3
2023-05-18,9,2017.89,8,8
2023-05-18,10,1652.69,8,7
2023-05-18,11,1800.78,7,7
2023-05-18,12,2579.41,12,12
2023-05-18,13,3040.13,8,8
2023-05-18,14,980.94,5,5
2023-05-18,15,1698.74,8,6
2023-05-18,16,1765.21,7,6
2023-05-19,7,44.08,1,1
2023-05-19,8,1428.68,7,4
2023-05-19,9,1725.47,6,6
2023-05-19,10,1808.12,8,8
2023-05-19,11,2312.02,8,8
2023-05-19,12,2610.67,12,10
2023-05-19,13,1931.71,7,7
2023-05-19,14,2464.0,10,10
2023-05-19,15,1581.51,5,5
2023-05-19,16,1123.89,5,5
2023-05-19,17,2776.53,8,7
2023-05-19,18,495.42,3,3
2023-05-19,19,1611.5,5,5
2023-05-20,8,995.13,5,5
2023-05-20,9,1089.17,5,5
2023-05-20,10,4254.15,13,10
2023-05-20,11,629.36,4,4
2023-05-20,12,574.55,3,3
2023-05-20,13,3169.38,10,8
2023-05-20,14,2253.04,11,9
2023-05-20,15,177.05,3,3
2023-05-20,16,689.01,3,3
2023-05-22,10,2012.82,6,6
2023-05-22,11,3788.09,17,15
2023-05-22,12,2939.01,10,10
2023-05-22,13,3930.66,6,6
2023-05-22,14,3094.95,10,10
2023-05-22,15,1800.54,10,8
2023-05-23,8,1208.27,2,2
2023-05-23,9,2068.81,6,6
2023-05-23,10,2016.58,7,7
2023-05-23,11,2864.85,9,8
2023-05-23,12,936.53,7,7
2023-05-23,13,2472.21,8,8
2023-05-23,14,1637.8,6,4
2023-05-23,15,1032.51,5,5
2023-05-23,16,461.45,2,2
2023-05-23,17,210.15,1,1
2023-05-24,8,1736.67,5,4
2023-05-24,9,1017.34,5,5
2023-05-24,10,2114.83,9,6
2023-05-24,11,1643.03,6,5
2023-05-24,12,2105.26,7,6
2023-05-24,13,1031.43,7,7
2023-05-24,14,1705.8700000000001,6,6
2023-05-24,15,1150.31,9,9
2023-05-24,16,59.43,1,1
2023-05-24,17,135.91,2,2
2023-05-25,8,359.88,1,1
2023-05-25,9,715.34,4,3
2023-05-25,10,2013.67,7,6
2023-05-25,11,2613.3,14,11
2023-05-25,12,1782.07,9,8
2023-05-25,13,657.11,3,3
2023-05-25,14,1174.16,5,5
2023-05-25,15,1881.9,6,6
2023-05-25,16,567.7,3,3
2023-05-25,17,439.84,2,2
2023-05-26,8,301.35,1,1
2023-05-26,9,1041.8700000000001,4,3
2023-05-26,10,1533.98,7,6
2023-05-26,11,1369.78,7,4
2023-05-26,12,936.6700000000001,6,6
2023-05-26,13,1693.33,6,6
2023-05-26,14,1886.94,11,8
2023-05-26,15,320.3,2,2
2023-05-26,16,989.11,4,4
2023-05-26,17,602.85,2,2
2023-05-26,18,555.71,1,1
2023-05-26,19,343.98,3,3
2023-05-27,9,654.85,4,4
2023-05-27,10,1899.45,6,6
2023-05-27,11,603.11,1,1
2023-05-27,12,1460.55,8,6
2023-05-27,13,2947.73,11,10
2023-05-27,14,2255.66,10,7
2023-05-27,15,566.4,2,2
2023-05-27,16,315.55,4,4
2023-05-27,17,305.95,1,1
2023-05-29,10,241.37,2,2
2023-05-29,11,687.84,4,4
2023-05-29,12,1394.02,5,5
2023-05-29,13,258.55,3,2
2023-05-29,14,1276.4,6,6
2023-05-29,15,936.54,3,3
2023-05-31,8,650.75,3,3
2023-05-31,9,293.45,3,3
2023-05-31,10,1375.1100000000001,4,4
2023-05-31,11,895.59,6,5
2023-05-31,12,692.37,3,3
2023-05-31,13,2108.22,8,8
2023-05-31,14,2513.82,9,9
2023-05-31,15,2467.28,7,7
2023-06-01,7,209.5,2,1
2023-06-01,8,1268.8,1,1
2023-06-01,9,174.91,3,3
2023-06-01,10,549.34,1,1
2023-06-01,11,462.03000000000003,3,3
2023-06-01,12,1930.07,9,9
2023-06-01,13,626.1700000000001,4,4
2023-06-01,14,716.03,3,3
2023-06-01,15,1036.27,5,5
2023-06-01,16,172.34,2,2
2023-06-01,17,127.62,1,1
2023-06-02,9,3080.35,7,3
2023-06-02,10,631.4,2,2
2023-06-02,11,1331.31,3,3
2023-06-02,12,1803.98,6,6
2023-06-02,13,156.2,1,1
2023-06-02,14,1655.68,5,4
2023-06-02,15,1080.3,3,3
2023-06-02,16,59.75,2,2
2023-06-02,17,1915.05,7,5
2023-06-02,18,121.55,1,1
2023-06-02,19,690.29,2,2
2023-06-03,7,315.4,1,1
2023-06-03,8,390.09,1,1
2023-06-03,9,528.83,3,3
2023-06-03,10,1510.88,8,7
2023-06-03,11,1001.16,4,4
2023-06-03,12,1508.58,4,4
2023-06-03,13,717.75,2,2
2023-06-03,14,1147.72,5,5
2023-06-03,15,717.39,6,4
2023-06-03,16,520.02,2,2
2023-06-03,17,117.92,1,1
2023-06-05,10,1882.2,7,7
2023-06-05,11,2151.7,10,9
2023-06-05,12,2152.56,11,11
2023-06-05,13,3766.28,12,11
2023-06-05,14,1687.11,7,7
2023-06-05,15,5302.13,14,13
2023-06-05,16,67.69,2,1
2023-06-06,8,159.22,1,1
2023-06-06,9,2084.03,9,9
2023-06-06,10,603.4,3,3
2023-06-06,11,1667.86,7,7
2023-06-06,12,2169.53,7,6
2023-06-06,13,3276.9,9,9
2023-06-06,14,1212.9,7,7
2023-06-06,15,1475.38,5,5
2023-06-06,16,692.95,4,3
2023-06-07,7,298.85,1,1
2023-06-07,8,578.8,4,4
2023-06-07,9,1980.07,5,5
2023-06-07,10,1027.1,6,6
2023-06-07,11,1583.07,7,6
2023-06-07,12,2223.73,9,9
2023-06-07,13,3560.4900000000002,13,13
2023-06-07,14,1815.0,8,8
2023-06-07,15,599.01,6,6
2023-06-07,16,1506.09,5,5
2023-06-08,8,1663.78,6,6
2023-06-08,9,1174.21,4,4
2023-06-08,10,2868.86,11,11
2023-06-08,11,1124.96,5,4
2023-06-08,12,3910.33,18,14
2023-06-08,13,2102.64,8,7
2023-06-08,14,1603.34,9,8
2023-06-08,15,722.6800000000001,5,5
2023-06-08,16,2366.5,6,6
2023-06-08,17,330.95,1,1
2023-06-09,7,200.17000000000002,1,1
2023-06-09,8,31.0,1,1
2023-06-09,9,1686.0,7,7
2023-06-09,10,2076.53,8,8
2023-06-09,11,2179.18,10,9
2023-06-09,12,2105.97,10,9
2023-06-09,13,1910.57,8,8
2023-06-09,14,2052.62,7,6
2023-06-09,15,541.99,6,6
2023-06-09,16,2432.71,10,9
2023-06-09,17,1253.48,4,4
2023-06-09,18,603.88,2,2
2023-06-09,19,570.07,4,4
2023-06-09,20,354.01,1,1
2023-06-10,8,795.13,3,3
2023-06-10,9,890.88,4,4
2023-06-10,10,1188.42,5,5
2023-06-10,11,1488.1000000000001,7,7
2023-06-10,12,972.7,6,6
2023-06-10,13,549.16,2,2
2023-06-10,14,1020.61,5,4
2023-06-10,15,559.43,3,3
2023-06-10,16,280.47,3,3
2023-06-12,9,379.2,1,1
2023-06-12,10,527.0,3,3
2023-06-12,11,1366.15,8,8
2023-06-12,12,2026.95,8,8
2023-06-12,13,2984.3,9,9
2023-06-12,14,1148.62,4,4
2023-06-12,15,515.25,3,3
2023-06-13,7,102.72,1,1
2023-06-13,8,2364.57,4,4
2023-06-13,9,1190.3999999999999,1,1
2023-06-13,10,1927.61,6,6
2023-06-13,11,2068.97,8,8
2023-06-13,12,1859.75,9,8
2023-06-13,13,843.3000000000001,6,6
2023-06-13,14,3577.59,8,8
2023-06-13,15,437.53,3,3
2023-06-13,16,368.76,3,2
2023-06-13,17,293.0,1,1
2023-06-14,8,256.66,1,1
2023-06-14,9,535.4,3,2
2023-06-14,10,611.82,2,2
2023-06-14,11,2435.3,9,8
2023-06-14,12,4041.64,11,11
2023-06-14,13,2171.9900000000002,9,7
2023-06-14,14,394.96,3,3
2023-06-14,15,311.61,3,2
2023-06-14,16,331.96,2,2
2023-06-15,8,717.85,2,1
2023-06-15,9,176.8,1,1
2023-06-15,10,1331.53,6,5
2023-06-15,11,510.23,4,4
2023-06-15,12,2488.98,13,11
2023-06-15,13,3045.79,13,12
2023-06-15,14,208.56,2,2
2023-06-15,15,371.85,2,2
2023-06-15,16,1599.89,2,2
2023-06-16,8,1101.1,2,2
2023-06-16,9,1425.43,7,7
2023-06-16,10,388.42,6,5
2023-06-16,11,2029.6,8,8
2023-06-16,12,1628.77,9,9
2023-06-16,13,1846.99,8,8
2023-06-16,14,1873.41,6,5
2023-06-16,15,2328.87,11,10
2023-06-16,16,723.91,4,4
2023-06-16,17,1847.52,7,6
2023-06-16,18,80.57,1,1
2023-06-16,19,635.48,4,4
2023-06-17,8,491.88,3,3
2023-06-17,9,765.01,3,3
2023-06-17,10,1347.61,5,4
2023-06-17,11,1426.82,7,7
2023-06-17,12,2455.06,8,4
2023-06-17,13,2156.59,8,6
2023-06-17,14,1058.0,4,3
2023-06-17,15,501.65,3,3
2023-06-17,16,159.85,2,2
2023-06-19,10,999.12,7,7
2023-06-19,11,2925.34,11,10
2023-06-19,12,2569.7400000000002,12,12
2023-06-19,13,1969.47,9,9
2023-06-19,14,1221.24,7,7
2023-06-19,15,2049.12,7,7
2023-06-19,16,664.04,4,4
2023-06-20,8,866.15,2,2
2023-06-20,9,1540.44,5,4
2023-06-20,10,1372.94,8,5
2023-06-20,11,1151.15,7,6
2023-06-20,12,1517.94,4,4
2023-06-20,13,3897.08,10,8
2023-06-20,14,963.79,4,4
2023-06-20,15,575.27,4,4
2023-06-20,16,218.36,3,3
2023-06-20,17,113.12,1,1
2023-06-21,8,100.92,1,1
2023-06-21,9,1258.55,5,5
2023-06-21,10,1252.44,5,5
2023-06-21,11,946.97,6,6
2023-06-21,12,1194.75,5,5
2023-06-21,13,1586.39,7,7
2023-06-21,14,3742.7400000000002,8,8
2023-06-21,15,1154.68,6,6
2023-06-21,16,246.73999999999998,1,1
2023-06-21,17,7.7,1,1
2023-06-22,8,41.85,1,1
2023-06-22,9,377.1,2,2
2023-06-22,10,1282.46,6,6
2023-06-22,11,1040.47,6,6
2023-06-22,12,2013.12,9,8
2023-06-22,13,1353.75,7,7
2023-06-22,14,2712.28,10,9
2023-06-22,15,1129.11,6,6
2023-06-22,16,1090.67,6,6
2023-06-22,17,202.43,1,1
2023-06-23,9,1940.4,5,5
2023-06-23,10,3080.01,10,10
2023-06-23,11,1583.25,8,8
2023-06-23,12,1352.76,7,7
2023-06-23,13,3502.09,11,10
2023-06-23,14,2602.08,8,8
2023-06-23,15,724.45,3,3
2023-06-23,16,272.95,2,2
2023-06-23,17,712.76,3,3
2023-06-23,18,1254.6,4,4
2023-06-23,19,1370.3700000000001,5,5
2023-06-24,8,214.4,1,1
2023-06-24,9,1479.38,5,4
2023-06-24,10,1392.53,8,8
2023-06-24,11,542.0,2,2
2023-06-24,12,1007.07,6,5
2023-06-24,13,1591.63,5,4
2023-06-24,14,1436.68,5,5
2023-06-24,15,1620.29,6,5
2023-06-24,16,371.76,1,1
2023-06-24,17,575.66,2,2
2023-06-26,10,252.66,1,1
2023-06-26,11,1172.2,6,6
2023-06-26,12,587.9399999999999,3,3
2023-06-26,13,2268.38,7,7
2023-06-26,14,974.7,4,4
2023-06-26,15,219.96,2,2
2023-06-26,16,45.5,1,1
2023-06-27,8,1291.92,3,2
2023-06-27,9,459.26,2,2
2023-06-27,10,796.55,4,4
2023-06-27,11,167.59,1,1
2023-06-27,12,2549.93,10,10
2023-06-27,13,464.71,2,2
2023-06-27,14,1031.39,4,3
2023-06-27,15,692.75,2,2
2023-06-27,16,203.57999999999998,2,2
2023-06-28,8,684.1800000000001,5,3
2023-06-28,9,98.3,1,1
2023-06-28,10,970.96,5,5
2023-06-28,11,1258.65,2,2
2023-06-28,12,711.05,2,2
2023-06-28,13,1070.61,6,6
2023-06-28,14,1097.34,6,5
2023-06-28,15,2259.15,5,5
2023-06-28,16,183.92,2,1
2023-06-28,17,210.32999999999998,1,1
2023-06-29,8,282.23,1,1
2023-06-29,9,149.92,3,3
2023-06-29,10,907.53,4,4
2023-06-29,11,476.44,4,4
2023-06-29,12,1173.9,7,7
2023-06-29,13,893.21,7,6
2023-06-29,14,408.05,3,3
2023-06-29,15,617.51,4,4
2023-06-29,16,186.3,2,2
2023-06-30,8,145.75,1,1
2023-06-30,9,668.34,3,3
2023-06-30,10,1162.09,3,3
2023-06-30,11,1369.79,5,5
2023-06-30,12,3143.35,7,6
2023-06-30,13,1892.53,10,9
2023-06-30,14,1630.6399999999999,7,5
2023-06-30,15,696.04,3,3
2023-06-30,16,1324.74,6,6
2023-06-30,17,1159.94,5,5
2023-06-30,18,889.89,4,3
2023-06-30,19,672.32,4,4
2023-06-30,20,203.85999999999999,1,1
2023-07-01,8,911.88,3,3
2023-07-01,9,1306.88,3,3
2023-07-01,10,741.64,4,3
2023-07-01,11,1540.02,4,3
2023-07-01,12,2294.96,9,7
2023-07-01,13,1070.7,9,7
2023-07-01,14,1058.8799999999999,3,3
2023-07-01,15,485.75,4,4
2023-07-01,17,215.75,1,1
2023-07-03,10,784.25,4,4
2023-07-03,11,734.45,2,2
2023-07-03,12,1625.79,8,7
2023-07-03,13,986.98,6,6
2023-07-03,14,155.8,1,1
2023-07-03,15,461.93,2,2
2023-07-03,16,242.93,2,2
2023-07-04,10,572.02,2,2
2023-07-04,11,1109.71,4,4
2023-07-04,12,3451.27,6,6
2023-07-04,13,1454.18,7,6
2023-07-04,14,1111.99,3,2
2023-07-04,15,1892.92,8,6
2023-07-04,16,950.73,3,3
2023-07-05,9,1545.72,9,7
2023-07-05,10,1632.85,10,8
2023-07-05,11,1242.24,6,6
2023-07-05,12,3231.33,15,15
2023-07-05,13,748.63,6,5
2023-07-05,14,1292.19,5,5
2023-07-05,15,958.52,5,4
2023-07-05,16,18.72,1,1
2023-07-06,9,1225.29,3,3
2023-07-06,10,2133.71,11,10
2023-07-06,11,670.38,5,5
2023-07-06,12,2435.4,11,10
2023-07-06,13,2267.07,9,8
2023-07-06,14,1294.24,7,6
2023-07-06,15,1124.94,7,6
2023-07-06,16,560.22,5,5
2023-07-06,17,575.57,3,3
2023-07-07,8,377.61,1,1
2023-07-07,10,2245.87,7,7
2023-07-07,11,283.75,3,2
2023-07-07,12,3325.72,11,9
2023-07-07,13,2289.25,9,9
2023-07-07,14,1104.55,7,5
2023-07-07,15,1705.15,9,9
2023-07-07,16,1166.42,5,5
2023-07-07,17,861.36,5,5
2023-07-07,18,1851.35,4,4
2023-07-07,19,404.83,3,3
2023-07-07,20,8.9,1,1
2023-07-08,8,1549.3700000000001,3,3
2023-07-08,9,746.55,3,3
2023-07-08,10,1352.44,5,5
2023-07-08,11,964.33,3,3
2023-07-08,12,1977.94,9,8
2023-07-08,13,1483.13,10,10
2023-07-08,15,1792.12,9,6
2023-07-08,17,117.86,1,1
2023-07-10,10,331.52,1,1
2023-07-10,11,675.69,3,3
2023-07-10,12,1230.26,7,6
2023-07-10,13,489.48,3,1
2023-07-10,14,373.42,2,2
2023-07-10,15,1021.31,4,4
2023-07-10,16,378.23,2,2
2023-07-11,9,322.15,1,1
2023-07-11,10,1547.62,4,4
2023-07-11,11,907.76,5,5
2023-07-11,12,1706.32,9,9
2023-07-11,13,1763.93,9,8
2023-07-11,14,3339.29,9,8
2023-07-11,15,1292.0900000000001,7,6
2023-07-11,16,156.85,1,1
2023-07-11,17,544.53,2,2
2023-07-12,8,142.8,1,1
2023-07-12,9,399.43,1,1
2023-07-12,10,1552.42,8,8
2023-07-12,11,1008.29,6,6
2023-07-12,12,600.24,4,4
2023-07-12,13,848.44,4,3
2023-07-12,14,1359.8,4,4
2023-07-12,15,1745.81,5,5
2023-07-12,16,273.7,2,2
2023-07-12,17,400.98,4,3
2023-07-13,8,104.05,1,1
2023-07-13,9,449.76,3,3
2023-07-13,10,2870.88,9,9
2023-07-13,11,2243.56,14,12
2023-07-13,12,1995.66,9,9
2023-07-13,13,1989.13,6,6
2023-07-13,14,510.34000000000003,3,2
2023-07-13,15,1689.12,7,6
2023-07-13,16,179.9,2,1
2023-07-13,17,21.599999999999998,1,1
2023-07-14,8,906.49,1,1
2023-07-14,9,1492.84,6,5
2023-07-14,10,1286.58,6,5
2023-07-14,11,1512.13,7,7
2023-07-14,12,1641.46,8,7
2023-07-14,13,3511.42,8,7
2023-07-14,14,833.5,3,3
2023-07-14,15,1705.82,6,6
2023-07-14,16,1375.28,5,5
2023-07-14,17,950.5,6,6
2023-07-14,18,683.13,4,4
2023-07-14,19,222.13,1,1
2023-07-14,20,709.43,1,1
2023-07-15,8,473.6,2,2
2023-07-15,9,56.82,1,1
2023-07-15,10,1897.77,6,6
2023-07-15,11,1182.77,8,6
2023-07-15,12,435.4,4,4
2023-07-15,13,561.99,6,6
2023-07-15,14,1873.8,4,4
2023-07-15,15,418.78,2,2
2023-07-15,16,400.76,1,1
2023-07-15,17,307.41,1,1
2023-07-17,10,555.13,3,3
2023-07-17,11,2515.34,9,9
2023-07-17,12,2569.9,10,9
2023-07-17,13,3495.78,13,12
2023-07-17,14,1270.15,7,6
2023-07-17,15,829.03,7,6
2023-07-18,8,277.12,1,1
2023-07-18,9,733.53,3,3
2023-07-18,10,1961.33,5,5
2023-07-18,11,2382.48,7,6
2023-07-18,12,2585.98,7,7
2023-07-18,13,1078.71,4,4
2023-07-18,14,2020.27,7,7
2023-07-18,15,962.08,3,3
2023-07-18,16,402.05,3,3
2023-07-18,17,587.7,2,2
2023-07-19,9,3175.21,8,8
2023-07-19,10,1068.73,4,4
2023-07-19,11,4346.78,7,7
2023-07-19,12,2763.35,14,13
2023-07-19,13,929.88,5,5
2023-07-19,14,1932.17,5,5
2023-07-19,15,2449.95,6,6
2023-07-19,16,63.879999999999995,2,2
2023-07-19,17,442.58,2,2
2023-07-20,8,637.01,2,2
2023-07-20,10,1006.1899999999999,5,5
2023-07-20,11,1695.02,7,7
2023-07-20,12,2966.95,12,11
2023-07-20,13,2840.28,11,7
2023-07-20,14,1355.02,6,6
2023-07-20,15,736.76,3,3
2023-07-21,8,408.25,1,1
2023-07-21,9,61.32,1,1
2023-07-21,10,1799.28,8,8
2023-07-21,11,1312.03,5,5
2023-07-21,12,3352.66,9,8
2023-07-21,13,1300.92,6,6
2023-07-21,14,825.86,5,4
2023-07-21,15,1654.01,6,6
2023-07-21,16,685.91,3,3
2023-07-21,17,3164.05,10,8
2023-07-21,18,1707.79,7,6
2023-07-21,19,533.57,2,2
2023-07-22,9,345.77,2,2
2023-07-22,10,1234.56,6,6
2023-07-22,11,1098.77,4,3
2023-07-22,12,822.82,5,5
2023-07-22,13,3079.98,7,6
2023-07-22,14,647.45,5,5
2023-07-22,15,1138.56,3,3
2023-07-22,16,306.68,2,2
2023-07-22,17,198.08,1,1
2023-07-24,10,1305.29,7,7
2023-07-24,11,2628.71,10,10
2023-07-24,12,1682.78,7,7
2023-07-24,13,1438.19,8,8
2023-07-24,14,893.8,5,5
2023-07-24,15,2627.79,8,8
2023-07-24,16,641.69,4,3
2023-07-25,8,265.27,1,1
2023-07-25,9,1529.5,5,4
2023-07-25,10,2432.35,6,6
2023-07-25,11,1748.89,7,7
2023-07-25,12,2719.12,9,9
2023-07-25,13,2207.73,10,10
2023-07-25,14,390.09000000000003,2,2
2023-07-25,15,1200.04,6,6
2023-07-25,16,430.71000000000004,3,2
2023-07-26,8,301.2,1,1
2023-07-26,9,1285.71,4,4
2023-07-26,10,1066.041,3,3
2023-07-26,11,1506.43,6,5
2023-07-26,12,1568.06,10,10
2023-07-26,13,1141.7,4,4
2023-07-26,14,1528.71,8,7
2023-07-26,15,1192.0,4,4
2023-07-26,16,170.88,2,2
2023-07-26,17,233.32,2,2
2023-07-27,8,445.84999999999997,1,1
2023-07-27,9,1324.31,8,7
2023-07-27,10,1768.1,6,6
2023-07-27,11,706.82,3,3
2023-07-27,12,744.12,4,4
2023-07-27,13,2176.38,8,7
2023-07-27,14,2100.91,2,2
2023-07-27,15,1524.38,5,5
2023-07-27,17,169.91,4,1
2023-07-28,8,149.64,1,1
2023-07-28,9,1321.22,5,5
2023-07-28,10,1386.26,6,6
2023-07-28,11,1503.82,6,5
2023-07-28,12,2099.63,8,8
2023-07-28,13,1026.0,4,4
2023-07-28,14,3089.92,10,9
2023-07-28,15,1913.23,10,9
2023-07-28,16,962.43,6,4
2023-07-28,17,393.99,4,4
2023-07-28,18,512.42,3,3
2023-07-28,19,394.85,3,3
2023-07-29,8,583.52,3,2
2023-07-29,9,1498.98,5,5
2023-07-29,10,1436.66,8,8
2023-07-29,11,1774.41,11,9
2023-07-29,12,1679.37,8,8
2023-07-29,13,2099.33,6,6
2023-07-29,14,1306.52,6,6
2023-07-29,15,1460.28,8,8
2023-07-29,16,356.44,2,2
2023-07-29,17,332.97999999999996,2,2
2023-07-31,10,513.62,5,5
2023-07-31,11,1930.4,6,5
2023-07-31,12,2819.46,10,8
2023-07-31,13,1595.92,5,5
2023-07-31,14,580.3199999999999,3,3
2023-07-31,15,2675.55,8,8
2023-07-31,16,298.38,1,1
2023-08-01,9,178.5,1,1
2023-08-01,10,2204.87,6,6
2023-08-01,11,1105.64,5,4
2023-08-01,12,3449.69,6,5
2023-08-01,13,1130.84,8,7
2023-08-01,14,1022.19,4,4
2023-08-01,15,403.35,2,2
2023-08-01,16,227.0,1,1
2023-08-01,17,2725.35,1,1
2023-08-02,8,612.15,2,2
2023-08-02,9,1669.41,5,5
2023-08-02,10,5130.17,6,6
2023-08-02,11,287.64,2,1
2023-08-02,12,1388.45,5,5
2023-08-02,13,730.5699999999999,5,5
2023-08-02,14,3120.13,5,4
2023-08-02,15,441.88,4,4
2023-08-02,17,383.34999999999997,2,2
2023-08-03,8,201.77,1,1
2023-08-03,9,2707.14,7,7
2023-08-03,10,1840.18,9,9
2023-08-03,11,1513.91,5,5
2023-08-03,12,3568.66,12,11
2023-08-03,13,1844.39,6,6
2023-08-03,14,3013.94,6,6
2023-08-03,15,1212.91,6,6
2023-08-03,16,251.94,1,1
2023-08-03,17,155.32,1,1
2023-08-04,8,83.10000000000001,1,1
2023-08-04,9,480.77000000000004,1,1
2023-08-04,10,3119.97,8,8
2023-08-04,11,829.11,4,4
2023-08-04,12,2234.46,7,7
2023-08-04,13,1080.21,6,6
2023-08-04,14,2129.46,8,8
2023-08-04,15,2929.91,9,9
2023-08-04,16,1538.68,7,7
2023-08-04,17,2053.92,12,11
2023-08-04,18,787.86,4,4
2023-08-04,19,40.56,1,1
2023-08-04,20,250.32,1,1
2023-08-05,8,425.6,1,1
2023-08-05,9,389.12,2,2
2023-08-05,10,1219.2,4,3
2023-08-05,11,1642.28,8,7
2023-08-05,12,1331.6200000000001,7,7
2023-08-05,13,1393.13,6,6
2023-08-05,14,608.0,6,6
2023-08-05,15,2468.38,6,6
2023-08-05,16,1656.81,6,6
2023-08-05,17,1747.35,2,2
2023-08-07,10,532.4,4,4
2023-08-07,11,207.8,2,2
2023-08-07,12,1352.29,7,7
2023-08-07,13,1061.95,6,6
2023-08-07,14,929.87,3,3
2023-08-07,15,1154.84,6,5
2023-08-08,9,255.31,1,1
2023-08-08,10,2429.46,7,7
2023-08-08,11,2642.42,4,4
2023-08-08,12,1378.43,6,6
2023-08-08,13,3201.2200000000003,6,6
2023-08-08,14,927.99,3,3
2023-08-08,15,1056.07,2,2
2023-08-08,16,442.24,4,4
2023-08-09,9,753.05,2,2
2023-08-09,10,1903.2,7,7
2023-08-09,11,656.95,1,1
2023-08-09,12,2225.62,8,8
2023-08-09,13,1768.57,8,7
2023-08-09,14,2073.84,5,5
2023-08-09,15,442.98,2,2
2023-08-09,16,667.61,4,3
2023-08-10,8,158.62,1,1
2023-08-10,9,622.94,2,2
2023-08-10,10,1389.69,7,7
2023-08-10,11,665.1,5,5
2023-08-10,12,2059.66,8,8
2023-08-10,13,879.47,5,4
2023-08-10,14,763.06,5,5
2023-08-10,15,1143.88,2,2
2023-08-10,16,778.53,3,3
2023-08-10,17,290.85,1,1
2023-08-11,8,692.11,3,2
2023-08-11,9,1606.99,5,5
2023-08-11,10,1910.83,5,5
2023-08-11,11,2312.08,4,4
2023-08-11,12,2962.41,9,9
2023-08-11,13,1283.94,4,3
2023-08-11,14,1942.39,10,10
2023-08-11,15,2080.84,8,8
2023-08-11,16,1030.48,6,4
2023-08-11,17,1146.19,4,4
2023-08-12,9,2777.07,6,6
2023-08-12,10,525.3100000000001,2,2
2023-08-12,11,1713.17,7,6
2023-08-12,12,2213.65,8,8
2023-08-12,13,497.12,2,2
2023-08-12,14,1540.63,9,9
2023-08-12,15,495.18,2,2
2023-08-12,16,793.6,4,4
2023-08-14,10,485.68,4,3
2023-08-14,11,164.2,3,3
2023-08-14,12,2547.82,10,9
2023-08-14,13,466.86,2,2
2023-08-14,15,648.43,6,4
2023-08-15,8,213.85,1,1
2023-08-15,9,460.68,3,3
2023-08-15,10,2011.9,7,6
2023-08-15,11,646.33,4,4
2023-08-15,12,2899.02,12,12
2023-08-15,13,1307.41,7,7
2023-08-15,14,3123.62,9,9
2023-08-15,15,647.62,2,2
2023-08-15,16,191.14000000000001,1,1
2023-08-16,8,577.78,4,3
2023-08-16,9,861.5,5,5
2023-08-16,10,1544.71,8,8
2023-08-16,11,3659.9900000000002,7,6
2023-08-16,12,1656.6399999999999,7,6
2023-08-16,13,1441.38,5,5
2023-08-16,14,969.09,6,5
2023-08-16,15,629.36,3,2
2023-08-16,16,310.98,1,1
2023-08-16,17,457.04,3,2
2023-08-17,8,439.08,1,1
2023-08-17,9,924.32,4,4
2023-08-17,10,1180.22,6,6
2023-08-17,11,964.37,4,4
2023-08-17,12,2003.6100000000001,7,6
2023-08-17,13,5077.72,7,6
2023-08-17,14,3121.77,9,9
2023-08-17,15,1282.3799999999999,6,5
2023-08-17,16,703.17,1,1
2023-08-17,17,312.14,1,1
2023-08-18,6,4.25,1,1
2023-08-18,8,3066.61,2,2
2023-08-18,9,826.58,2,2
2023-08-18,10,2217.59,9,8
2023-08-18,11,1131.26,3,3
2023-08-18,12,2005.74,7,7
2023-08-18,13,1762.26,7,7
2023-08-18,14,953.8,4,4
2023-08-18,15,1567.85,6,6
2023-08-18,16,1640.13,6,6
2023-08-18,17,1634.15,6,6
2023-08-18,18,740.68,3,3
2023-08-18,19,87.93,1,1
2023-08-18,20,240.66,1,1
2023-08-19,8,298.6,1,1
2023-08-19,9,1190.21,3,3
2023-08-19,10,2372.75,8,8
2023-08-19,11,1406.72,7,7
2023-08-19,12,1527.01,9,9
2023-08-19,13,980.67,5,5
2023-08-19,14,1836.8799999999999,5,5
2023-08-19,15,1525.36,7,7
2023-08-19,16,520.02,2,2
2023-08-19,17,48.96,2,1
2023-08-21,10,517.35,4,4
2023-08-21,11,1108.46,5,5
2023-08-21,12,2168.55,4,4
2023-08-21,13,1647.04,6,6
2023-08-21,14,1974.0,7,6
2023-08-21,15,2366.7400000000002,6,5
2023-08-21,16,366.18,1,1
2023-08-22,9,2000.89,6,6
2023-08-22,10,3556.86,11,10
2023-08-22,11,1088.88,8,8
2023-08-22,12,2022.72,11,10
2023-08-22,13,1788.13,7,7
2023-08-22,14,3195.81,8,8
2023-08-22,15,2996.49,7,7
2023-08-23,8,304.2,1,1
2023-08-23,9,1126.31,4,4
2023-08-23,10,1481.79,5,4
2023-08-23,11,2586.58,9,9
2023-08-23,12,2268.38,7,7
2023-08-23,13,2885.92,8,7
2023-08-23,14,2073.91,6,6
2023-08-23,15,1188.03,4,4
2023-08-23,16,1136.35,5,4
2023-08-23,17,889.86,4,4
2023-08-24,8,475.52,3,3
2023-08-24,9,1020.14,5,5
2023-08-24,10,1948.59,7,7
2023-08-24,11,1295.35,2,2
2023-08-24,12,2709.1,10,9
2023-08-24,13,2283.19,13,11
2023-08-24,14,2662.77,11,10
2023-08-24,15,2940.0299999999997,6,5
2023-08-24,16,1097.79,6,4
2023-08-25,8,439.23,1,1
2023-08-25,9,1578.97,5,5
2023-08-25,10,1593.22,8,8
2023-08-25,11,1470.94,8,7
2023-08-25,12,2332.22,11,11
2023-08-25,13,1591.13,7,7
2023-08-25,14,2848.67,7,7
2023-08-25,15,2552.56,13,12
2023-08-25,17,794.71,2,2
2023-08-25,18,163.8,1,1
2023-08-25,19,355.53000000000003,4,3
2023-08-26,8,330.55,1,1
2023-08-26,9,902.28,4,4
2023-08-26,10,770.98,2,2
2023-08-26,11,2967.55,9,8
2023-08-26,12,1475.7,6,6
2023-08-26,13,1197.7,5,5
2023-08-26,14,3218.8,10,10
2023-08-26,15,771.76,2,2
2023-08-28,10,499.12,4,4
2023-08-28,11,839.33,5,5
2023-08-28,12,2613.36,10,9
2023-08-28,13,2686.86,5,5
2023-08-28,14,620.73,5,5
2023-08-28,15,856.18,5,5
2023-08-28,16,391.31,1,1
2023-08-30,8,403.83,1,1
2023-08-30,9,462.75,1,1
2023-08-30,10,863.53,3,3
2023-08-30,11,471.59,2,2
2023-08-30,12,396.40000000000003,5,5
2023-08-30,13,94.23,1,1
2023-08-30,14,230.53,1,1
2023-08-30,15,1048.61,3,3
2023-08-30,16,519.54,2,2
2023-08-30,17,109.7,1,1
2023-08-31,8,111.02,1,1
2023-08-31,9,1483.5,2,2
2023-08-31,10,1173.96,7,7
2023-08-31,11,467.64,3,3
2023-08-31,12,477.64,4,4
2023-08-31,13,1314.05,5,5
2023-08-31,14,692.2,4,4
2023-08-31,15,1450.1,6,5
2023-08-31,16,308.6,2,2
2023-08-31,17,857.84,2,2
2023-09-01,8,40.0,1,1
2023-09-01,9,256.32,2,2
2023-09-01,10,1230.26,6,6
2023-09-01,11,3191.77,8,7
2023-09-01,12,1397.06,6,6
2023-09-01,13,1049.13,5,5
2023-09-01,14,4421.89,7,7
2023-09-01,15,452.86,4,3
2023-09-01,16,2575.62,12,12
2023-09-01,17,959.32,6,6
2023-09-01,18,607.0699999999999,3,3
2023-09-01,19,551.09,3,3
2023-09-02,8,301.2,1,1
2023-09-02,9,2002.93,5,5
2023-09-02,10,2073.04,11,10
2023-09-02,11,951.76,3,3
2023-09-02,12,1029.75,5,5
2023-09-02,13,2126.99,13,11
2023-09-02,14,1436.54,6,5
2023-09-02,15,1503.38,5,5
2023-09-02,16,528.79,3,3
2023-09-02,17,414.19,1,1
2023-09-04,10,481.18,3,3
2023-09-04,11,2108.17,8,8
2023-09-04,12,2777.9900000000002,12,12
2023-09-04,13,3212.08,9,8
2023-09-04,14,2273.27,6,6
2023-09-04,15,1814.5,7,5
2023-09-04,16,891.83,3,3
2023-09-05,9,2862.83,11,9
2023-09-05,10,1786.0,5,5
2023-09-05,11,2051.3,8,8
2023-09-05,12,1974.99,9,8
2023-09-05,13,881.74,5,4
2023-09-05,14,2265.32,7,6
2023-09-05,15,1639.48,8,8
2023-09-05,16,721.15,2,2
2023-09-05,17,736.15,2,2
2023-09-06,8,174.86,1,1
2023-09-06,9,2024.77,8,7
2023-09-06,10,928.63,5,4
2023-09-06,11,2044.23,5,5
2023-09-06,12,3153.54,16,13
2023-09-06,13,778.32,6,5
2023-09-06,14,1823.51,7,7
2023-09-06,15,1047.52,6,6
2023-09-06,16,291.05,1,1
2023-09-07,8,353.48,1,1
2023-09-07,9,619.81,4,4
2023-09-07,10,3537.56,9,9
2023-09-07,11,812.57,4,4
2023-09-07,12,1814.69,6,6
2023-09-07,13,1747.98,4,4
2023-09-07,14,2170.21,6,6
2023-09-07,15,1874.31,6,6
2023-09-07,16,582.08,2,2
2023-09-08,8,545.02,1,1
2023-09-08,9,520.52,2,2
2023-09-08,10,2778.86,10,10
2023-09-08,11,2405.04,9,8
2023-09-08,12,4920.44,18,15
2023-09-08,13,2506.09,9,8
2023-09-08,14,1133.24,8,8
2023-09-08,15,1401.52,9,9
2023-09-08,19,283.73,1,1
2023-09-09,8,344.9,1,1
2023-09-09,9,1709.8700000000001,4,4
2023-09-09,10,2354.46,12,10
2023-09-09,11,1843.3799999999999,4,4
2023-09-09,12,1023.21,7,7
2023-09-09,13,3997.43,11,11
2023-09-09,14,1189.31,5,5
2023-09-09,15,2560.58,8,6
2023-09-11,10,1115.36,7,6
2023-09-11,11,3064.55,13,11
2023-09-11,12,2613.4900000000002,10,9
2023-09-11,13,4287.0,12,12
2023-09-11,14,4358.2300000000005,10,10
2023-09-11,15,4388.02,13,13
2023-09-11,16,372.03000000000003,3,2
2023-09-12,8,307.92,1,1
2023-09-12,9,2673.25,10,8
2023-09-12,10,1065.53,3,3
2023-09-12,11,1037.1299999999999,4,4
2023-09-12,12,3169.9700000000003,12,11
2023-09-12,13,4361.03,10,10
2023-09-12,14,1948.4,9,8
2023-09-12,15,2137.45,9,9
2023-09-12,16,1834.7,6,6
2023-09-12,17,3.35,1,1
2023-09-13,9,2876.5,8,6
2023-09-13,10,964.23,5,5
2023-09-13,11,3010.83,9,9
2023-09-13,12,5387.09,9,9
2023-09-13,13,3186.23,5,5
2023-09-13,14,2638.46,8,8
2023-09-13,15,1545.3,7,7
2023-09-13,16,1451.53,5,5
2023-09-13,17,432.7,1,1
2023-09-14,8,267.8,1,1
2023-09-14,9,2153.98,7,7
2023-09-14,10,1072.27,7,4
2023-09-14,11,2986.7200000000003,15,11
2023-09-14,12,1924.47,7,7
2023-09-14,13,1789.06,9,9
2023-09-14,14,1546.08,7,7
2023-09-14,15,1239.53,6,6
2023-09-14,16,343.82,2,2
2023-09-15,8,143.4,2,2
2023-09-15,9,1876.87,5,5
2023-09-15,10,3239.62,9,9
2023-09-15,11,1861.81,9,8
2023-09-15,12,2167.95,9,8
2023-09-15,13,3080.62,10,9
2023-09-15,14,3437.92,8,8
2023-09-15,15,1544.24,8,8
2023-09-15,16,894.24,3,3
2023-09-15,17,513.98,3,3
2023-09-15,18,522.1899999999999,2,2
2023-09-15,19,176.94,1,1
2023-09-16,9,4547.2300000000005,8,7
2023-09-16,10,1478.66,4,4
2023-09-16,11,1161.07,2,2
2023-09-16,12,3159.89,8,8
2023-09-16,13,2539.4900000000002,9,9
2023-09-16,14,2809.14,7,7
2023-09-16,15,1172.46,3,3
2023-09-16,16,355.02,2,2
2023-09-16,17,300.15,3,3
2023-09-18,10,765.78,3,3
2023-09-18,11,747.34,3,3
2023-09-18,12,1057.46,5,5
2023-09-18,13,648.26,5,5
2023-09-18,14,965.29,3,3
2023-09-18,15,5548.6,5,5
2023-09-18,16,387.4,1,1
2023-09-19,9,1659.13,7,6
2023-09-19,10,3385.2400000000002,9,8
2023-09-19,11,1472.68,11,9
2023-09-19,12,2939.92,8,8
2023-09-19,13,3085.46,11,11
2023-09-19,14,2469.67,8,8
2023-09-19,15,2670.42,8,7
2023-09-19,16,228.06,1,1
2023-09-20,8,271.64,1,1
2023-09-20,9,1313.81,6,6
2023-09-20,10,2511.23,9,9
2023-09-20,11,2029.9,5,4
2023-09-20,12,3711.52,10,10
2023-09-20,13,3462.97,10,9
2023-09-20,14,1771.92,8,7
2023-09-20,15,802.16,6,6
2023-09-20,16,110.04,1,1
2023-09-21,8,605.39,3,3
2023-09-21,9,1520.16,5,5
2023-09-21,10,1791.02,6,6
2023-09-21,11,2398.53,6,6
2023-09-21,12,1913.18,10,10
2023-09-21,13,2409.46,8,7
2023-09-21,14,5374.16,10,10
2023-09-21,15,3631.26,10,10
2023-09-21,16,434.15,3,3
2023-09-21,17,117.11999999999999,1,1
2023-09-22,8,416.14,1,1
2023-09-22,9,1843.17,7,7
2023-09-22,10,1750.43,7,7
2023-09-22,11,2805.4,7,6
2023-09-22,12,5533.71,17,14
2023-09-22,13,3951.59,13,12
2023-09-22,14,4877.71,12,10
2023-09-22,15,3369.53,10,9
2023-09-22,16,2857.05,11,9
2023-09-22,17,3093.69,11,11
2023-09-22,18,1250.29,6,6
2023-09-22,19,715.8100000000001,3,3
2023-09-23,8,357.55,2,2
2023-09-23,9,1555.89,8,8
2023-09-23,10,2088.28,8,8
2023-09-23,11,960.12,4,4
2023-09-23,12,6428.61,12,12
2023-09-23,13,3555.03,7,7
2023-09-23,14,4789.85,8,7
2023-09-23,15,2603.21,6,6
2023-09-23,16,74.33,2,2
2023-09-25,10,889.74,4,4
2023-09-25,11,3208.06,12,12
2023-09-25,12,5842.87,16,16
2023-09-25,13,3053.36,14,14
2023-09-25,14,5392.551,17,16
2023-09-25,15,3351.55,10,10
2023-09-25,16,601.54,2,2
2023-09-26,8,185.88,1,1
2023-09-26,9,601.4,3,3
2023-09-26,10,2007.8700000000001,8,8
2023-09-26,11,1821.48,7,6
2023-09-26,12,3619.79,12,12
2023-09-26,13,2858.23,11,11
2023-09-26,14,2325.06,9,9
2023-09-26,15,3943.98,8,8
2023-09-26,16,363.89,3,3
2023-09-26,17,203.77100000000002,2,2
2023-09-27,8,203.28,1,1
2023-09-27,9,674.1,4,4
2023-09-27,10,3128.9,12,12
2023-09-27,11,2878.25,15,14
2023-09-27,12,3238.52,10,9
2023-09-27,13,3036.73,7,7
2023-09-27,14,1250.88,11,8
2023-09-27,15,1610.93,5,5
2023-09-27,16,366.1,1,1
2023-09-27,17,439.85,2,2
2023-09-28,8,380.84999999999997,1,1
2023-09-28,9,1182.95,4,3
2023-09-28,10,3360.26,10,10
2023-09-28,11,2448.95,5,5
2023-09-28,12,4526.47,13,12
2023-09-28,13,4910.14,10,10
2023-09-28,14,3255.68,12,11
2023-09-28,15,4249.6,11,10
2023-09-28,16,1184.6200000000001,6,6
2023-09-29,8,1898.1000000000001,2,2
2023-09-29,9,2179.43,8,8
2023-09-29,10,2352.2,7,7
2023-09-29,11,1513.75,5,5
2023-09-29,12,3245.76,14,11
2023-09-29,13,7350.44,16,14
2023-09-29,14,2016.49,9,8
2023-09-29,15,3138.66,9,9
2023-09-29,16,2445.75,8,8
2023-09-29,17,2066.9,6,6
2023-09-29,18,1814.74,6,5
2023-09-30,7,79.19999999999999,1,1
2023-09-30,8,470.99,3,2
2023-09-30,9,2821.7599999999998,9,8
2023-09-30,10,4544.43,11,11
2023-09-30,11,605.03,6,6
2023-09-30,12,3192.42,12,11
2023-09-30,13,2213.87,8,8
2023-09-30,14,2362.63,5,5
2023-09-30,15,1631.2,7,6
2023-10-02,10,734.67,4,4
2023-10-02,11,849.9,4,4
2023-10-02,12,1939.98,8,8
2023-10-02,13,2432.12,5,5
2023-10-02,14,1481.23,6,5
2023-10-02,15,1978.27,7,6
2023-10-03,8,258.82,1,1
2023-10-03,9,4195.06,6,5
2023-10-03,10,2664.86,6,6
2023-10-03,11,1384.49,4,4
2023-10-03,12,2621.94,9,6
2023-10-03,13,2068.6,6,6
2023-10-03,14,2429.4,7,6
2023-10-03,15,2814.55,8,7
2023-10-03,16,1682.2,5,3
2023-10-03,17,170.2,1,1
2023-10-04,8,1228.68,2,2
2023-10-04,9,3107.92,10,8
2023-10-04,10,1554.68,6,6
2023-10-04,11,3278.57,7,7
2023-10-04,12,4386.05,13,11
2023-10-04,13,3272.17,8,8
2023-10-04,14,3157.7,11,10
2023-10-04,15,1894.49,7,6
2023-10-04,16,135.31,1,1
2023-10-04,17,8.5,1,1
2023-10-05,8,3482.61,4,2
2023-10-05,9,3876.93,11,11
2023-10-05,10,753.76,5,5
2023-10-05,11,2065.28,9,8
2023-10-05,12,5077.94,13,13
2023-10-05,13,3744.02,14,13
2023-10-05,14,2835.34,12,12
2023-10-05,15,3129.2200000000003,11,9
2023-10-05,16,646.08,2,2
2023-10-05,17,433.85,2,2
2023-10-06,8,389.2,2,2
2023-10-06,9,3457.38,13,12
2023-10-06,10,2342.25,8,8
2023-10-06,11,2198.87,10,7
2023-10-06,12,2540.18,9,9
2023-10-06,13,7115.93,16,15
2023-10-06,14,4184.33,13,11
2023-10-06,15,2139.29,10,8
2023-10-06,16,4027.62,13,12
2023-10-06,17,1577.53,8,8
2023-10-06,18,1029.65,5,5
2023-10-06,19,511.29,2,2
2023-10-07,8,1153.9,4,4
2023-10-07,9,2623.9500000000003,9,9
2023-10-07,10,4173.58,13,12
2023-10-07,11,2472.74,10,10
2023-10-07,12,3502.96,15,15
2023-10-07,13,1759.68,8,7
2023-10-07,14,4176.17,9,7
2023-10-07,15,2938.67,8,7
2023-10-07,16,208.32,2,1
2023-10-09,10,882.36,4,4
2023-10-09,11,912.34,5,5
2023-10-09,12,1740.82,6,6
2023-10-09,13,2721.4,11,9
2023-10-09,14,662.63,3,3
2023-10-09,15,1279.27,6,6
2023-10-09,16,883.54,3,3
2023-10-10,8,1255.86,2,2
2023-10-10,9,1956.56,7,7
2023-10-10,10,2417.06,8,7
2023-10-10,11,1859.51,7,7
2023-10-10,12,4295.69,13,12
2023-10-10,13,4905.48,18,17
2023-10-10,14,2617.61,9,9
2023-10-10,15,2645.06,5,5
2023-10-10,16,2500.91,3,3
2023-10-10,17,3202.31,6,6
2023-10-11,8,674.95,2,2
2023-10-11,9,3112.32,12,12
2023-10-11,10,3022.42,8,8
2023-10-11,11,4261.21,8,8
2023-10-11,12,2367.4900000000002,10,9
2023-10-11,13,1682.06,6,6
2023-10-11,14,7473.82,17,14
2023-10-11,15,2287.04,7,7
2023-10-11,16,689.4,2,2
2023-10-12,8,264.88,2,2
2023-10-12,9,2061.18,8,8
2023-10-12,10,2875.09,11,11
2023-10-12,11,1928.91,12,12
2023-10-12,12,3539.98,15,15
2023-10-12,13,2400.5,8,8
2023-10-12,14,2671.42,10,10
2023-10-12,15,2584.46,9,8
2023-10-12,17,580.46,2,2
2023-10-13,8,521.9200000000001,3,2
2023-10-13,9,1198.26,4,4
2023-10-13,10,3000.26,9,9
2023-10-13,11,1442.64,5,5
2023-10-13,12,7431.6,15,14
2023-10-13,13,2460.39,10,9
2023-10-13,14,3015.89,9,8
2023-10-13,15,2689.05,12,11
2023-10-13,16,963.34,6,4
2023-10-13,17,429.42,1,1
2023-10-14,8,66.3,1,1
2023-10-14,9,1493.06,5,5
2023-10-14,10,1632.8,8,8
2023-10-14,11,3614.88,10,10
2023-10-14,12,3828.28,9,9
2023-10-14,13,2859.57,9,8
2023-10-14,14,2698.29,13,10
2023-10-14,15,1550.0,5,5
2023-10-14,16,725.87,2,1
2023-10-14,17,130.25,1,1
2023-10-16,10,127.19999999999999,1,1
2023-10-16,11,894.38,4,4
2023-10-16,12,4231.81,12,11
2023-10-16,13,2143.16,4,4
2023-10-16,14,834.02,2,2
2023-10-16,15,2427.55,6,6
2023-10-16,16,641.79,4,3
2023-10-17,8,226.35000000000002,2,2
2023-10-17,9,1072.39,3,3
2023-10-17,10,2278.15,8,8
2023-10-17,11,3126.91,7,6
2023-10-17,12,4902.54,17,15
2023-10-17,13,8648.79,14,13
2023-10-17,14,2713.04,11,11
2023-10-17,15,3247.2400000000002,9,9
2023-10-17,16,466.28000000000003,2,2
2023-10-17,17,130.38,1,1
2023-10-18,7,433.77,2,2
2023-10-18,8,827.72,3,3
2023-10-18,9,1995.3700000000001,6,6
2023-10-18,10,2490.53,9,9
2023-10-18,11,1157.06,4,4
2023-10-18,12,7008.13,12,11
2023-10-18,13,5110.47,13,13
2023-10-18,14,2871.26,12,11
2023-10-18,15,3108.52,7,6
2023-10-18,16,611.98,1,1
2023-10-18,17,519.68,2,2
2023-10-19,8,606.11,2,2
2023-10-19,9,1401.02,7,7
2023-10-19,10,4212.3,11,11
2023-10-19,11,2942.24,8,8
2023-10-19,12,3929.11,13,13
2023-10-19,13,1664.08,7,6
2023-10-19,14,2054.88,11,11
2023-10-19,15,2652.81,7,6
2023-10-19,16,931.49,4,4
2023-10-20,8,428.24,2,2
2023-10-20,9,2136.25,5,5
2023-10-20,10,2120.67,8,8
2023-10-20,11,3334.39,8,8
2023-10-20,12,4676.78,19,18
2023-10-20,13,3970.24,10,9
2023-10-20,14,4599.76,17,15
2023-10-20,15,2022.89,6,5
2023-10-20,16,151.05,1,1
2023-10-20,17,292.0,2,2
2023-10-20,18,285.60999999999996,1,1
2023-10-20,19,738.11,1,1
2023-10-21,8,407.97,3,3
2023-10-21,9,1868.6200000000001,6,6
2023-10-21,10,2592.43,8,8
2023-10-21,11,783.96,6,6
2023-10-21,12,2116.08,8,8
2023-10-21,13,2736.59,7,7
2023-10-21,14,3344.51,11,8
2023-10-21,15,1940.88,5,5
2023-10-21,16,425.04,2,2
2023-10-23,10,469.4,3,3
2023-10-23,11,1224.46,4,4
2023-10-23,12,2012.32,9,9
2023-10-23,13,1524.79,2,2
2023-10-23,14,1216.14,7,7
2023-10-23,15,3428.76,11,9
2023-10-23,16,1334.17,5,5
2023-10-24,8,392.5,2,2
2023-10-24,9,642.2,2,2
2023-10-24,10,2547.2799999999997,9,9
2023-10-24,11,1339.81,9,7
2023-10-24,12,3242.85,11,9
2023-10-24,13,2339.35,11,11
2023-10-24,14,3452.26,8,7
2023-10-24,15,991.22,3,3
2023-10-24,16,795.12,3,3
2023-10-24,17,2598.52,2,2
2023-10-25,8,1645.77,4,3
2023-10-25,9,777.23,2,2
2023-10-25,10,2425.99,5,5
2023-10-25,11,1309.65,4,4
2023-10-25,12,4793.94,13,12
2023-10-25,13,3672.74,16,15
2023-10-25,14,1619.45,4,4
2023-10-25,15,4793.6,10,9
2023-10-25,16,856.96,4,3
2023-10-25,17,1222.59,5,4
2023-10-26,8,98.13000000000001,1,1
2023-10-26,9,678.26,3,3
2023-10-26,10,1325.24,10,8
2023-10-26,11,1421.54,9,8
2023-10-26,12,4042.99,16,16
2023-10-26,13,3914.66,18,16
2023-10-26,14,1131.47,8,7
2023-10-26,15,1660.04,9,9
2023-10-26,16,2255.3,6,5
2023-10-26,17,98.0,1,1
2023-10-27,8,747.54,2,2
2023-10-27,9,616.57,4,4
2023-10-27,10,4108.59,12,10
2023-10-27,11,686.74,4,4
2023-10-27,12,2517.53,9,9
2023-10-27,13,3672.17,13,12
2023-10-27,14,5092.17,14,14
2023-10-27,15,1402.03,7,7
2023-10-27,16,4058.37,13,11
2023-10-27,17,2477.79,9,8
2023-10-27,18,425.87,2,2
2023-10-27,19,148.72,1,1
2023-10-27,20,1326.05,3,3
2023-10-28,7,471.56,1,1
2023-10-28,8,1710.27,5,5
2023-10-28,9,956.85,7,7
2023-10-28,10,1118.69,5,5
2023-10-28,11,1442.34,7,5
2023-10-28,12,2273.8,6,6
2023-10-28,13,1936.58,10,10
2023-10-28,14,2400.87,6,5
2023-10-28,15,255.17999999999998,3,3
2023-10-28,16,1315.11,4,4
2023-10-28,17,720.45,2,2
2023-10-30,10,1464.68,4,4
2023-10-30,11,4684.87,18,16
2023-10-30,12,3608.16,15,14
2023-10-30,13,5383.28,17,17
2023-10-30,14,4617.81,12,12
2023-10-30,15,4248.46,17,17
2023-10-30,16,1794.54,7,6
2023-10-31,8,291.11,2,2
2023-10-31,9,1241.6200000000001,6,5
2023-10-31,10,1181.01,7,7
2023-10-31,11,2168.01,6,6
2023-10-31,12,3296.82,10,10
2023-10-31,13,4432.16,10,10
2023-10-31,14,6453.0,10,10
2023-10-31,15,580.92,4,4
2023-10-31,16,1229.15,3,3
2023-10-31,17,224.17,1,1
2023-11-01,8,691.77,2,2
2023-11-01,9,2384.59,8,8
2023-11-01,10,1347.99,7,7
2023-11-01,11,2304.26,8,8
2023-11-01,12,3312.22,11,11
2023-11-01,13,2433.15,12,12
2023-11-01,14,2984.24,9,9
2023-11-01,15,2368.89,11,11
2023-11-01,17,155.03,2,2
2023-11-02,8,204.92000000000002,1,1
2023-11-02,9,901.45,4,4
2023-11-02,10,1989.96,7,7
2023-11-02,11,2995.33,8,8
2023-11-02,12,4476.58,17,17
2023-11-02,13,2175.57,13,13
2023-11-02,14,4943.92,16,15
2023-11-02,15,284.78,2,2
2023-11-02,16,843.6,4,4
2023-11-02,17,495.11,2,2
2023-11-03,8,528.76,3,2
2023-11-03,9,2420.47,6,6
2023-11-03,10,1492.92,7,7
2023-11-03,11,2723.37,13,10
2023-11-03,12,2636.14,10,8
2023-11-03,13,2092.47,8,8
2023-11-03,14,3101.4,13,11
2023-11-03,15,1668.16,9,8
2023-11-03,16,4372.03,12,12
2023-11-03,17,935.13,4,4
2023-11-03,18,346.65,2,2
2023-11-03,19,409.9,3,3
2023-11-04,8,310.28000000000003,1,1
2023-11-04,9,4817.09,8,8
2023-11-04,10,2764.23,13,13
2023-11-04,11,2291.67,11,9
2023-11-04,12,3033.0099999999998,10,9
2023-11-04,13,2356.82,11,10
2023-11-04,14,6492.67,13,12
2023-11-04,15,2367.7400000000002,7,6
2023-11-04,16,161.29,1,1
2023-11-04,17,500.21,2,1
2023-11-06,10,2158.49,7,6
2023-11-06,11,3380.78,12,12
2023-11-06,12,7872.1,23,21
2023-11-06,13,4096.57,18,16
2023-11-06,14,6434.75,20,18
2023-11-06,15,3424.29,11,10
2023-11-06,16,2910.54,5,5
2023-11-07,7,266.36,1,1
2023-11-07,8,1203.8,4,4
2023-11-07,9,963.25,6,4
2023-11-07,10,1108.61,3,3
2023-11-07,11,3459.66,15,14
2023-11-07,12,3108.45,11,11
2023-11-07,13,1808.53,9,9
2023-11-07,14,1487.97,10,9
2023-11-07,15,2870.13,9,9
2023-11-07,16,2079.4,12,12
2023-11-07,17,586.49,6,6
2023-11-08,7,170.64,1,1
2023-11-08,8,416.58000000000004,2,2
2023-11-08,9,1951.42,7,7
2023-11-08,10,2446.38,9,9
2023-11-08,11,2942.22,10,10
2023-11-08,12,5058.67,18,17
2023-11-08,13,3910.86,13,12
2023-11-08,14,3556.57,14,13
2023-11-08,15,2926.53,10,10
2023-11-08,16,1363.37,5,4
2023-11-08,17,1086.73,6,6
2023-11-09,8,1180.54,5,4
2023-11-09,9,2580.7400000000002,13,8
2023-11-09,10,2298.62,10,9
2023-11-09,11,2547.23,8,8
2023-11-09,12,2550.73,12,10
2023-11-09,13,5052.77,16,15
2023-11-09,14,1620.12,8,7
2023-11-09,15,3232.33,17,15
2023-11-09,16,1671.3600000000001,6,6
2023-11-09,17,3110.66,6,6
2023-11-10,8,429.87,2,2
2023-11-10,9,1105.51,8,5
2023-11-10,10,6046.28,12,12
2023-11-10,11,1376.7,6,6
2023-11-10,12,7648.71,16,16
2023-11-10,13,2832.42,15,14
2023-11-10,14,3407.21,14,12
2023-11-10,15,2991.37,13,13
2023-11-10,16,3746.11,15,14
2023-11-10,17,1921.89,9,9
2023-11-10,18,953.24,4,4
2023-11-10,19,1799.81,5,5
2023-11-10,20,175.53,1,1
2023-11-11,8,1229.1100000000001,6,6
2023-11-11,9,991.23,4,4
2023-11-11,10,3033.86,12,11
2023-11-11,11,2800.7,10,10
2023-11-11,12,6710.07,20,20
2023-11-11,13,2032.99,7,7
2023-11-11,14,2118.68,9,9
2023-11-11,15,2142.2,7,7
2023-11-11,16,1793.01,6,6
2023-11-11,17,1874.67,5,4
2023-11-13,10,959.1,2,2
2023-11-13,11,3650.0,14,14
2023-11-13,12,3276.53,15,13
2023-11-13,13,2364.48,11,11
2023-11-13,14,4501.24,14,10
2023-11-13,15,4353.02,16,16
2023-11-13,16,2537.06,8,8
2023-11-14,8,1988.18,10,8
2023-11-14,9,1547.22,7,7
2023-11-14,10,2660.0099999999998,7,7
2023-11-14,11,2201.93,12,11
2023-11-14,12,2304.2400000000002,11,11
2023-11-14,13,3345.21,13,13
2023-11-14,14,3198.56,12,11
2023-11-14,15,7831.12,12,12
2023-11-14,16,1140.11,6,5
2023-11-14,17,1157.51,3,3
2023-11-15,8,1269.42,5,5
2023-11-15,9,2054.92,11,8
2023-11-15,10,1797.28,10,10
2023-11-15,11,1908.89,6,6
2023-11-15,12,3171.6,15,15
2023-11-15,13,2840.74,16,15
2023-11-15,14,4256.95,10,9
2023-11-15,15,2896.01,10,10
2023-11-15,16,1292.45,8,7
2023-11-15,17,657.13,4,4
2023-11-16,8,753.24,5,5
2023-11-16,9,990.13,7,6
2023-11-16,10,3827.39,10,9
2023-11-16,11,2449.2200000000003,13,12
2023-11-16,12,5406.42,16,16
2023-11-16,13,4837.66,14,13
2023-11-16,14,772.61,4,4
2023-11-16,15,5293.57,21,21
2023-11-16,16,2713.4,15,13
2023-11-16,17,1532.76,6,5
2023-11-17,8,1654.1,9,9
2023-11-17,9,2312.06,6,6
2023-11-17,10,2224.07,12,9
2023-11-17,11,3980.69,13,12
2023-11-17,12,4276.86,17,17
2023-11-17,13,5221.29,14,13
2023-11-17,14,4252.36,18,17
2023-11-17,15,2521.39,13,13
2023-11-17,16,1855.25,9,9
2023-11-17,17,2134.32,8,8
2023-11-17,18,587.72,2,2
2023-11-17,19,1352.38,3,3
2023-11-18,8,143.23000000000002,3,3
2023-11-18,9,3457.17,13,12
2023-11-18,10,3086.19,12,11
2023-11-18,11,1219.83,7,7
2023-11-18,12,3517.66,16,14
2023-11-18,13,4656.01,15,15
2023-11-18,14,2008.18,11,11
2023-11-18,15,2367.2,7,7
2023-11-18,16,751.63,5,4
2023-11-18,17,1023.4100000000001,3,3
2023-11-20,10,1610.26,9,9
2023-11-20,11,6994.62,18,18
2023-11-20,12,5446.27,24,22
2023-11-20,13,3925.7400000000002,16,15
2023-11-20,14,3401.08,16,15
2023-11-20,15,2076.28,10,10
2023-11-20,16,537.25,2,2
2023-11-21,8,2427.86,8,8
2023-11-21,9,1865.71,4,4
2023-11-21,10,3126.75,9,9
2023-11-21,11,1668.01,7,7
2023-11-21,12,3527.16,18,17
2023-11-21,13,2340.03,12,12
2023-11-21,14,3146.99,8,7
2023-11-21,15,2027.71,7,6
2023-11-21,16,3842.79,15,12
2023-11-21,17,802.03,4,4
2023-11-22,8,1058.4,6,6
2023-11-22,9,2005.3899999999999,9,9
2023-11-22,10,2027.36,11,11
2023-11-22,11,3574.6,17,16
2023-11-22,12,2348.66,14,14
2023-11-22,13,5746.97,18,17
2023-11-22,14,3806.27,10,10
2023-11-22,15,2285.35,10,9
2023-11-22,16,4392.62,13,13
2023-11-22,17,981.0,7,6
2023-11-23,8,1359.64,7,6
2023-11-23,9,1286.32,10,10
2023-11-23,10,2343.45,13,13
2023-11-23,11,3553.06,14,10
2023-11-23,12,5575.77,14,14
2023-11-23,13,7698.43,21,16
2023-11-23,14,3786.88,13,13
2023-11-23,15,2958.46,8,8
2023-11-23,16,2359.3,12,11
2023-11-23,17,971.97,5,4
2023-11-24,8,442.94,3,3
2023-11-24,9,1584.44,8,7
2023-11-24,10,2018.88,11,10
2023-11-24,11,1211.75,8,7
2023-11-24,12,4734.08,16,16
2023-11-24,13,4717.65,14,12
2023-11-24,14,2152.78,10,10
2023-11-24,15,4358.66,11,10
2023-11-24,16,1723.53,8,8
2023-11-24,17,1512.87,6,6
2023-11-24,18,778.44,2,2
2023-11-24,19,634.33,3,3
2023-11-25,8,1018.46,6,6
2023-11-25,9,1208.03,7,7
2023-11-25,10,2938.72,6,6
2023-11-25,11,2273.37,11,9
2023-11-25,12,2363.84,13,13
2023-11-25,13,3735.4900000000002,15,15
2023-11-25,14,1131.33,6,6
2023-11-25,15,399.73,3,3
2023-11-25,16,202.47,1,1
2023-11-25,17,365.33,1,1
2023-11-27,10,425.8,3,3
2023-11-27,11,3288.35,11,10
2023-11-27,12,3846.68,12,12
2023-11-27,13,3183.12,11,9
2023-11-27,14,1160.17,6,6
2023-11-27,15,1895.39,6,6
2023-11-27,16,1772.11,7,6
2023-11-28,8,157.7,1,1
2023-11-28,9,893.37,8,7
2023-11-28,10,4500.71,12,12
2023-11-28,11,3246.59,13,11
2023-11-28,12,3391.54,16,15
2023-11-28,13,5172.71,21,20
2023-11-28,14,3452.23,11,11
2023-11-28,15,6391.3,9,8
2023-11-28,16,229.13,1,1
2023-11-28,17,446.21999999999997,2,2
2023-11-29,8,903.91,4,4
2023-11-29,9,1843.65,10,7
2023-11-29,10,2796.4900000000002,13,13
2023-11-29,11,2222.37,13,12
2023-11-29,12,3754.32,17,16
2023-11-29,13,3579.18,19,16
2023-11-29,14,2607.17,12,12
2023-11-29,15,3531.13,11,11
2023-11-29,16,1595.38,8,8
2023-11-29,17,1243.59,4,4
2023-11-29,18,299.02,3,1
2023-11-30,8,1662.55,7,7
2023-11-30,9,2041.37,6,6
2023-11-30,10,3409.81,14,12
2023-11-30,11,2403.57,8,8
2023-11-30,12,3331.11,15,14
2023-11-30,13,1268.94,9,9
2023-11-30,14,3655.87,13,11
2023-11-30,15,1910.08,8,8
2023-11-30,16,2627.73,11,10
2023-11-30,17,1398.6399999999999,2,2
2023-12-01,8,1056.58,4,4
2023-12-01,9,498.48,4,3
2023-12-01,10,3088.39,9,8
2023-12-01,11,2224.7,13,13
2023-12-01,12,2837.2,15,15
2023-12-01,13,2906.29,15,15
2023-12-01,14,2828.58,15,15
2023-12-01,15,2740.14,14,13
2023-12-01,16,1646.49,7,7
2023-12-01,17,1081.27,4,4
2023-12-01,18,1257.8500000000001,4,3
2023-12-01,19,1511.08,4,4
2023-12-02,8,20.4,1,1
2023-12-02,9,1246.24,6,4
2023-12-02,10,3205.7599999999998,13,13
2023-12-02,11,1186.41,8,7
2023-12-02,12,3829.77,14,13
2023-12-02,13,4762.05,22,19
2023-12-02,14,3115.58,12,10
2023-12-02,15,2429.57,10,8
2023-12-02,16,2019.05,10,10
2023-12-02,17,879.14,4,4
2023-12-04,10,1698.81,9,7
2023-12-04,11,2957.43,8,8
2023-12-04,12,3120.6,15,14
2023-12-04,13,3395.61,10,10
2023-12-04,14,1585.18,6,6
2023-12-04,15,2297.29,10,10
2023-12-04,16,742.66,3,3
2023-12-05,8,946.42,3,3
2023-12-05,9,1981.33,6,5
2023-12-05,10,1751.73,9,8
2023-12-05,11,2035.29,11,9
2023-12-05,12,6097.66,18,18
2023-12-05,13,3740.66,16,15
2023-12-05,14,4956.35,16,15
2023-12-05,15,2335.29,11,11
2023-12-05,16,2989.6,14,14
2023-12-05,17,6153.34,6,6
2023-12-06,8,1604.51,4,4
2023-12-06,9,1942.71,6,6
2023-12-06,10,1936.08,8,7
2023-12-06,11,3426.36,17,17
2023-12-06,12,4493.37,21,20
2023-12-06,13,2067.73,9,9
2023-12-06,14,3543.95,14,14
2023-12-06,15,1808.28,7,7
2023-12-06,16,1292.18,6,6
2023-12-06,17,1435.17,6,6
2023-12-07,8,2687.71,7,6
2023-12-07,9,1235.19,6,6
2023-12-07,10,1829.57,8,8
2023-12-07,11,2537.7200000000003,11,11
2023-12-07,12,4727.7300000000005,19,18
2023-12-07,13,1962.87,10,10
2023-12-07,14,2627.57,10,9
2023-12-07,15,2702.55,11,10
2023-12-07,16,1612.27,7,5
2023-12-07,17,1001.87,5,4
2023-12-08,8,119.88,1,1
2023-12-08,9,1811.97,10,9
2023-12-08,10,1760.81,8,7
2023-12-08,11,2479.56,12,12
2023-12-08,12,3957.9700000000003,18,18
2023-12-08,13,3555.21,13,12
2023-12-08,14,2141.23,7,7
2023-12-08,15,3818.7400000000002,15,14
2023-12-08,16,1144.6100000000001,6,6
2023-12-08,17,934.66,5,5
2023-12-08,18,875.97,6,6
2023-12-08,19,1021.3100000000001,5,5
2023-12-08,20,61.55,1,1
2023-12-09,8,1592.76,4,4
2023-12-09,9,897.0400000000001,6,5
2023-12-09,10,1840.44,8,8
2023-12-09,11,1167.33,5,5
2023-12-09,12,2456.26,11,9
